acceptance,acquisition_proxy_monthly,asset,assist_proxy_monthly,conditional_proxy_monthly,decision,dependencies,evidence,future_proxy_monthly,id,lane,model_input_ids,need,priority
"Entidad legal, moneda, condiciones y enlace a producto coherentes; fecha efectiva y revisión bancaria",,Home/producto/FAQ existentes,,,mejorar,Producto/Cumplimiento + CMS; baseline marca actual pendiente,SERP propia: FAQ móvil y privacidad desktop antes que producto; SRC-PIBANK/SRC-IDENTITY,,CL01,brand_own,,Identidad Pibank Perú y condiciones del producto,P0
"Resuelve rendimiento, costos, liquidez y límites con fuentes fechadas; sin duplicar calculadora",3160,Cuenta Soles + calculadora/FAQ existentes,,,mejorar,Cartilla/tarifario vigentes y revisión financiera,D01/D04/D05; fuentes producto; SERP genérica sin Pibank en muestra,,CL02,acquisition_direct,D01;D04;D05,"Cuenta de ahorros en soles: categoría, rendimiento y costos",P0
"Moneda, saldo, tasa efectiva, cargos, uso y fecha equivalentes; sin declarar mejor banco universal",320,Guía/comparador editorial ligado a producto,,,crear o consolidar según inventario,Revisión Producto/Cumplimiento; owner de actualización,D02; SERP comparadores/bancos/medios; SRC-SBS y páginas oficiales por producto,,CL03,acquisition_direct,D02,Comparar alternativas de ahorro líquido,P1
Requisitos y pasos exactos; continuidad web/registro/app; solicitud distinta de cuenta/fondeo,210,FAQ apertura + handoff a registro/app,,,mejorar,Owner onboarding y analítica; no acceso privado actual,D03; PAA banca confiable/apertura online,,CL04,acquisition_direct,D03,Apertura digital de cuenta de ahorro,P0
"Entidad cubierta, periodo FSD y diferencia TREA/margen correctos; sin sumar aperturas asistidas",,FAQ/confianza/rendimiento existentes,2480,,mejorar o consolidar,Revisión bancaria + fuentes trimestrales,E01/E02; SRC-FSD/SRC-GOOGLE-YMYL,,CL05,assisted_education,E01;E02,"Confianza, FSD y comprensión de TREA",P0
"Ingreso/salida por transferencias, condiciones y tiempos verificados; primer fondeo conciliable",,FAQ operación + guía de activación si falta,1000,,mejorar,Producto/operaciones; agregado bancario y privacidad,"E03; Cuenta Soles usa transferencias, no pagos/tarjetas",,CL06,assisted_education,E03,"Transferencias, primer fondeo y disponibilidad",P0
Utilidad y cercanía al producto verificadas; asistencia separada de adquisición,,Educación con recorrido a ahorro; evitar expansión genérica,590,,posponer hasta cubrir producto/confianza,Capacidad editorial y prueba de recorrido,E04; expansión como ahorrar produce ruido excluido,,CL07,assisted_education,E04,Cómo ahorrar y decidir cuánto mantener líquido,P2
Demostrar encaje con ahorro sin medios de pago/Perú antes de activar modelo,,Arquitectura de producto actual,,1690,validar antes de crear,SERP adicional sólo si justificada; no asumir elegibilidad,C01/C02; SERP digital transaccional y alto rendimiento geográficamente mixto,,CL08,acquisition_conditional,C01;C02,Cuenta digital y alto rendimiento localizado,P1
"Oferta lanzada y documentada, alcance aceptado; conversiones FX excluidas",,Backlog de producto futuro,,,posponer,Lanzamiento y cartilla pendientes,U01; oferta actual Cuenta Soles,480,CL09,future_usd,U01,Cuenta en dólares,P2
Gaps genéricos revisados por intención; marcas rivales sólo contexto/benchmark,,Mapa de contenido/autoridad por producto,,,investigar para contraste; no sumar al modelo,No convertir volumen de marca en demanda adquirible,"URLs oficiales + ranked + panel SERP; BCP completo filtro, BBVA parcial",,CL10,brand_competitor,,Brechas de competencia y fuentes citables,P1
