id,lane,cluster,representative_keyword,keyword_id,source,search_volume,unit,history_months,selection_reason
D01,acquisition_direct,category,cuenta de ahorros,KW-6f1e9261d7de,pibank-demand-2026-10-06/keyword-overview-provider.json,2900,estimated_searches_per_month,12,Producto de ahorro genérico; variantes singular/plural no se suman
D02,acquisition_direct,comparison,mejores cuentas de ahorro peru,KW-6a85782fedfa,pibank-expanded-2026-10-06/ranked-01-provider.json,320,estimated_searches_per_month,12,Comparación localizada; otras formulaciones/años no se suman
D03,acquisition_direct,opening,abrir cuenta de ahorros,KW-96d6310d4067,pibank-demand-2026-10-06/keyword-overview-provider.json,210,estimated_searches_per_month,12,Apertura genérica; crear/apertura/online no se suman
D04,acquisition_direct,yield,interés de cuenta de ahorro,KW-2a790d8e0e07,pibank-expanded-2026-10-06/ranked-01-provider.json,210,estimated_searches_per_month,12,Representante core del proveedor para interés; frases con intereses no se suman
D05,acquisition_direct,no_maintenance,cuenta de ahorros sin mantenimiento,KW-0db6905fa453,pibank-demand-2026-10-06/keyword-overview-provider.json,50,estimated_searches_per_month,12,Representante core del proveedor; variantes no se suman
C01,acquisition_conditional,digital,cuenta digital,KW-4b5808c1040b,pibank-expanded-2026-10-06/ranked-05-provider.json,1300,estimated_searches_per_month,12,Condicional: intención transaccional y expectativas de tarjeta/pagos; elegibilidad no medida
C02,acquisition_conditional,high_yield_peru,cuentas de alto rendimiento peru,KW-6dd48781f2c5,pibank-expanded-2026-10-06/ranked-01-provider.json,390,estimated_searches_per_month,12,Consulta explícita Perú; aceptación condicionada a SERP/producto; no hereda 1.600 mixta
E01,assisted_education,deposit_insurance,fondo de seguro de depositos,KW-fdba39a2d3e2,pibank-expanded-2026-10-06/ranked-08-provider.json,1600,estimated_searches_per_month,12,Confianza asistida; no sumar fondeadas a adquisición
E02,assisted_education,yield_literacy,que es trea,KW-a961453d693c,pibank-demand-2026-10-06/keyword-overview-provider.json,880,estimated_searches_per_month,12,"Educación de rendimiento, no conversión directa por defecto"
E03,assisted_education,bank_transfer,transferencia bancaria,KW-ee2d6a5d9b6c,pibank-expanded-2026-10-06/ranked-08-provider.json,1000,estimated_searches_per_month,12,Operación puede ser cliente existente; sólo apoyo
E04,assisted_education,savings_literacy,como ahorrar dinero,KW-d423bffb69ac,pibank-expanded-2026-10-06/extra-related-01-provider.json,590,estimated_searches_per_month,12,Educación amplia: no usar como visitas adquiribles sin evidencia
F01,future_usd,usd_account,cuenta en dolares,KW-f592ba8452f0,pibank-expanded-2026-10-06/ranked-08-provider.json,480,estimated_searches_per_month,12,Producto futuro; excluido del caso Soles actual
