id,mes,trimestre,lane,cluster,entregable,techo_cantidad,unidad,horas_lane_base,responsable,aprobador,dependencia,criterio_aceptacion,evidencia,estado,cambio_alcance
M01-01,1,1,Dirección SEO/AEO,"C1,C2,C3,C4",Arquitectura anual y criterios baseline,1,memo,16,Efeonce estrategia,Sponsor Pibank,Owners/datos y alcance,Decisión fundamentada; ND y madurez documentados; no meta ROI temprana,Memo con fuentes/deltas/owner,candidato_no_aprobado,Otro producto/país/objetivo
M01-02,1,1,SEO técnico,"C1,C2,C3,C4",Censo51FAQ +8páginas declaradas; matriz intención/indexación,59,URLs censo,40,Efeonce SEO,Owner web Pibank,GSC/CMS/template/policy y proveedor,Hallazgo/hipótesis separados; URL/owner/decisión; redirects sólo evidenciados,Inventario fechado +brief técnico/crawl/GSC si acceso,candidato_no_aprobado,Corpus extra/migración/logs/templates complejos
M01-03,1,1,Editorial,"C1,C2,C3,C4",Baseline y gobierno del corpus; dos coreupdates y tres briefs,2,coreupdates preparadas,32,Efeonce editorial,Producto/Legal banco según claims,Fuentes vigentes/reviewer y brief validado,Claim/source/version/reviewer; dos rondas; nuevo sólo por hueco; conservar cuenta como decisión,Diff y aprobación; URL si publicado,candidato_no_aprobado,Más cantidad/rondas/cambio brief/researchoriginal
M01-04,1,1,Ingeniería CMS,"C1,C2,C3,C4",Accesos/staging y specs T2/T6; implementación si autorizado,2,paquetes ≤12h cada uno; mismos paquetes lane SEO,40,Efeonce si acceso o proveedor asignado,Owner web banco,CMS/staging/ventana de release,Sin defecto crítico; rollback; estados preparado/aprobado/implementado/verificado,Staging diff/test y readback URL si live,candidato_no_aprobado,App/core/redesign/migración/infra o >12hpaquete
M01-05,1,1,Analítica y reconciliación,"C1,C2,C3,C4","Diccionario, consentimiento, funnel y requisito de cohortes",1,tablero+memo,32,Efeonce analítica +Data banco,Analytics/Finance/Privacidad banco,Datos autorizados eventos/cohort/moneda/ventana,Denominador/dedupe/atribución definidos; ND no cero; saldo no ingreso,Spec/event QA/export agregado y limitaciones,candidato_no_aprobado,Pipelinecore/MMPnuevo/linkage sensible/otro tablero
M01-06,1,1,Panel AEO,"C1,C2,C3,C4",Setup+baseline panel24×4superficies×2réplicas,192,observaciones core (+12trimestrales en piloto),32,Efeonce AEO,Efeonce estrategia; banco revisa claims,Cuenta/modes/settings/licencias/presupuesto/fuentes,Evidencia/status por celda; métricas por motor; exactitud y share con denominadores,Dataset/capturas/version/review; no observado si no ejecutado,candidato_no_aprobado,Más queries/frecuencia/modes o costoUIextra
M01-07,1,1,QA,"C1,C2,C3,C4",QA editorial/técnica móvil/desktop y regresión mensual,1,lote de QA mensual,16,Efeonce QA,Owner entrega banco para publicación,Lotes/review/staging/despliegue y fuentes,Cero defecto crítico para publicar; claims verificados y evidencia de URL real,Checklist con hallazgos/source/frames/readback,candidato_no_aprobado,AuditoríaWCAGintegral/pentest/devicefarm extra
M01-08,1,1,Coordinación,"C1,C2,C3,C4",Weekly45min; comité mensual60min; reporte/dependencias y gestión de reviewers,1,ciclo mensual,20,Efeonce coordinación,Sponsor banco,Canal/reviewers/calendario/proveedor,Estados y owner/plazos; retraso reprogramado; dos rondas consolidadas,Reporte/decisionlog/aprobaciones identificables,candidato_no_aprobado,Comités adicionales permanentes/24x7/rondasextra
M02-01,2,1,Dirección SEO/AEO,"C1,C2",Selección y decisiones del mes,1,memo,12,Efeonce estrategia,Sponsor Pibank,Owners/datos y alcance,Decisión fundamentada; ND y madurez documentados; no meta ROI temprana,Memo con fuentes/deltas/owner,candidato_no_aprobado,Otro producto/país/objetivo
M02-02,2,1,SEO técnico,"C1,C2",Diagnóstico y especificación de paquetes priorizados,3,paquetes compartidos con lane ingeniería,36,Efeonce SEO,Owner web Pibank,GSC/CMS/template/policy y proveedor,Hallazgo/hipótesis separados; URL/owner/decisión; redirects sólo evidenciados,Inventario fechado +brief técnico/crawl/GSC si acceso,candidato_no_aprobado,Corpus extra/migración/logs/templates complejos
M02-03,2,1,Editorial,"C1,C2","Producto, costos y fuente única; hasta6FAQ y1ampliación",6,FAQ (ampliación como techo adicional en descripción),48,Efeonce editorial,Producto/Legal banco según claims,Fuentes vigentes/reviewer y brief validado,Claim/source/version/reviewer; dos rondas; nuevo sólo por hueco; conservar cuenta como decisión,Diff y aprobación; URL si publicado,candidato_no_aprobado,Más cantidad/rondas/cambio brief/researchoriginal
M02-04,2,1,Ingeniería CMS,"C1,C2",Implementación CMS/template de paquetes SEO priorizados,3,paquetes ≤12h cada uno; mismos paquetes lane SEO,40,Efeonce si acceso o proveedor asignado,Owner web banco,CMS/staging/ventana de release,Sin defecto crítico; rollback; estados preparado/aprobado/implementado/verificado,Staging diff/test y readback URL si live,candidato_no_aprobado,App/core/redesign/migración/infra o >12hpaquete
M02-05,2,1,Analítica y reconciliación,"C1,C2",Lectura funnel y reconciliación agregada disponible,1,tablero+memo,28,Efeonce analítica +Data banco,Analytics/Finance/Privacidad banco,Datos autorizados eventos/cohort/moneda/ventana,Denominador/dedupe/atribución definidos; ND no cero; saldo no ingreso,Spec/event QA/export agregado y limitaciones,candidato_no_aprobado,Pipelinecore/MMPnuevo/linkage sensible/otro tablero
M02-06,2,1,Panel AEO,"C1,C2",Corrida mensual panel24×4superficies×2réplicas,192,observaciones core (+12trimestrales en piloto),24,Efeonce AEO,Efeonce estrategia; banco revisa claims,Cuenta/modes/settings/licencias/presupuesto/fuentes,Evidencia/status por celda; métricas por motor; exactitud y share con denominadores,Dataset/capturas/version/review; no observado si no ejecutado,candidato_no_aprobado,Más queries/frecuencia/modes o costoUIextra
M02-07,2,1,QA,"C1,C2",QA editorial/técnica móvil/desktop y regresión mensual,1,lote de QA mensual,20,Efeonce QA,Owner entrega banco para publicación,Lotes/review/staging/despliegue y fuentes,Cero defecto crítico para publicar; claims verificados y evidencia de URL real,Checklist con hallazgos/source/frames/readback,candidato_no_aprobado,AuditoríaWCAGintegral/pentest/devicefarm extra
M02-08,2,1,Coordinación,"C1,C2",Weekly45min; comité mensual60min; reporte/dependencias y gestión de reviewers,1,ciclo mensual,20,Efeonce coordinación,Sponsor banco,Canal/reviewers/calendario/proveedor,Estados y owner/plazos; retraso reprogramado; dos rondas consolidadas,Reporte/decisionlog/aprobaciones identificables,candidato_no_aprobado,Comités adicionales permanentes/24x7/rondasextra
M03-01,3,1,Dirección SEO/AEO,"C3,C4",Revisión trimestral y próximo backlog,1,memo,16,Efeonce estrategia,Sponsor Pibank,Owners/datos y alcance,Decisión fundamentada; ND y madurez documentados; no meta ROI temprana,Memo con fuentes/deltas/owner,candidato_no_aprobado,Otro producto/país/objetivo
M03-02,3,1,SEO técnico,"C3,C4",Diagnóstico y especificación de paquetes priorizados,3,paquetes compartidos con lane ingeniería,32,Efeonce SEO,Owner web Pibank,GSC/CMS/template/policy y proveedor,Hallazgo/hipótesis separados; URL/owner/decisión; redirects sólo evidenciados,Inventario fechado +brief técnico/crawl/GSC si acceso,candidato_no_aprobado,Corpus extra/migración/logs/templates complejos
M03-03,3,1,Editorial,"C3,C4",Apertura y primer fondeo; hasta6FAQ y1ampliación,6,FAQ (ampliación como techo adicional en descripción),48,Efeonce editorial,Producto/Legal banco según claims,Fuentes vigentes/reviewer y brief validado,Claim/source/version/reviewer; dos rondas; nuevo sólo por hueco; conservar cuenta como decisión,Diff y aprobación; URL si publicado,candidato_no_aprobado,Más cantidad/rondas/cambio brief/researchoriginal
M03-04,3,1,Ingeniería CMS,"C3,C4",Implementación CMS/template de paquetes SEO priorizados,3,paquetes ≤12h cada uno; mismos paquetes lane SEO,36,Efeonce si acceso o proveedor asignado,Owner web banco,CMS/staging/ventana de release,Sin defecto crítico; rollback; estados preparado/aprobado/implementado/verificado,Staging diff/test y readback URL si live,candidato_no_aprobado,App/core/redesign/migración/infra o >12hpaquete
M03-05,3,1,Analítica y reconciliación,"C3,C4",Lectura funnel y reconciliación agregada disponible,1,tablero+memo,28,Efeonce analítica +Data banco,Analytics/Finance/Privacidad banco,Datos autorizados eventos/cohort/moneda/ventana,Denominador/dedupe/atribución definidos; ND no cero; saldo no ingreso,Spec/event QA/export agregado y limitaciones,candidato_no_aprobado,Pipelinecore/MMPnuevo/linkage sensible/otro tablero
M03-06,3,1,Panel AEO,"C3,C4",Corrida mensual panel24×4superficies×2réplicas; piloto AI Mode6sentinel×2réplicas,192,observaciones core (+12trimestrales en piloto),28,Efeonce AEO,Efeonce estrategia; banco revisa claims,Cuenta/modes/settings/licencias/presupuesto/fuentes,Evidencia/status por celda; métricas por motor; exactitud y share con denominadores,Dataset/capturas/version/review; no observado si no ejecutado,candidato_no_aprobado,Más queries/frecuencia/modes o costoUIextra
M03-07,3,1,QA,"C3,C4",QA editorial/técnica móvil/desktop y regresión mensual,1,lote de QA mensual,20,Efeonce QA,Owner entrega banco para publicación,Lotes/review/staging/despliegue y fuentes,Cero defecto crítico para publicar; claims verificados y evidencia de URL real,Checklist con hallazgos/source/frames/readback,candidato_no_aprobado,AuditoríaWCAGintegral/pentest/devicefarm extra
M03-08,3,1,Coordinación,"C3,C4",Weekly45min; comité mensual60min; trimestre90min; reporte/dependencias y gestión de reviewers,1,ciclo mensual,20,Efeonce coordinación,Sponsor banco,Canal/reviewers/calendario/proveedor,Estados y owner/plazos; retraso reprogramado; dos rondas consolidadas,Reporte/decisionlog/aprobaciones identificables,candidato_no_aprobado,Comités adicionales permanentes/24x7/rondasextra
M04-01,4,2,Dirección SEO/AEO,C4,Selección y decisiones del mes,1,memo,12,Efeonce estrategia,Sponsor Pibank,Owners/datos y alcance,Decisión fundamentada; ND y madurez documentados; no meta ROI temprana,Memo con fuentes/deltas/owner,candidato_no_aprobado,Otro producto/país/objetivo
M04-02,4,2,SEO técnico,C4,Diagnóstico y especificación de paquetes priorizados,3,paquetes compartidos con lane ingeniería,28,Efeonce SEO,Owner web Pibank,GSC/CMS/template/policy y proveedor,Hallazgo/hipótesis separados; URL/owner/decisión; redirects sólo evidenciados,Inventario fechado +brief técnico/crawl/GSC si acceso,candidato_no_aprobado,Corpus extra/migración/logs/templates complejos
M04-03,4,2,Editorial,C4,"Transferencias, horarios y límites; hasta5FAQ y1ampliación",5,FAQ (ampliación como techo adicional en descripción),48,Efeonce editorial,Producto/Legal banco según claims,Fuentes vigentes/reviewer y brief validado,Claim/source/version/reviewer; dos rondas; nuevo sólo por hueco; conservar cuenta como decisión,Diff y aprobación; URL si publicado,candidato_no_aprobado,Más cantidad/rondas/cambio brief/researchoriginal
M04-04,4,2,Ingeniería CMS,C4,Implementación CMS/template de paquetes SEO priorizados,3,paquetes ≤12h cada uno; mismos paquetes lane SEO,32,Efeonce si acceso o proveedor asignado,Owner web banco,CMS/staging/ventana de release,Sin defecto crítico; rollback; estados preparado/aprobado/implementado/verificado,Staging diff/test y readback URL si live,candidato_no_aprobado,App/core/redesign/migración/infra o >12hpaquete
M04-05,4,2,Analítica y reconciliación,C4,Lectura funnel y reconciliación agregada disponible,1,tablero+memo,28,Efeonce analítica +Data banco,Analytics/Finance/Privacidad banco,Datos autorizados eventos/cohort/moneda/ventana,Denominador/dedupe/atribución definidos; ND no cero; saldo no ingreso,Spec/event QA/export agregado y limitaciones,candidato_no_aprobado,Pipelinecore/MMPnuevo/linkage sensible/otro tablero
M04-06,4,2,Panel AEO,C4,Corrida mensual panel24×4superficies×2réplicas,192,observaciones core (+12trimestrales en piloto),24,Efeonce AEO,Efeonce estrategia; banco revisa claims,Cuenta/modes/settings/licencias/presupuesto/fuentes,Evidencia/status por celda; métricas por motor; exactitud y share con denominadores,Dataset/capturas/version/review; no observado si no ejecutado,candidato_no_aprobado,Más queries/frecuencia/modes o costoUIextra
M04-07,4,2,QA,C4,QA editorial/técnica móvil/desktop y regresión mensual,1,lote de QA mensual,20,Efeonce QA,Owner entrega banco para publicación,Lotes/review/staging/despliegue y fuentes,Cero defecto crítico para publicar; claims verificados y evidencia de URL real,Checklist con hallazgos/source/frames/readback,candidato_no_aprobado,AuditoríaWCAGintegral/pentest/devicefarm extra
M04-08,4,2,Coordinación,C4,Weekly45min; comité mensual60min; reporte/dependencias y gestión de reviewers,1,ciclo mensual,20,Efeonce coordinación,Sponsor banco,Canal/reviewers/calendario/proveedor,Estados y owner/plazos; retraso reprogramado; dos rondas consolidadas,Reporte/decisionlog/aprobaciones identificables,candidato_no_aprobado,Comités adicionales permanentes/24x7/rondasextra
M05-01,5,2,Dirección SEO/AEO,C5,Selección y decisiones del mes,1,memo,12,Efeonce estrategia,Sponsor Pibank,Owners/datos y alcance,Decisión fundamentada; ND y madurez documentados; no meta ROI temprana,Memo con fuentes/deltas/owner,candidato_no_aprobado,Otro producto/país/objetivo
M05-02,5,2,SEO técnico,C5,Diagnóstico y especificación de paquetes priorizados,3,paquetes compartidos con lane ingeniería,28,Efeonce SEO,Owner web Pibank,GSC/CMS/template/policy y proveedor,Hallazgo/hipótesis separados; URL/owner/decisión; redirects sólo evidenciados,Inventario fechado +brief técnico/crawl/GSC si acceso,candidato_no_aprobado,Corpus extra/migración/logs/templates complejos
M05-03,5,2,Editorial,C5,"Identidad, confianza y ayuda; hasta5FAQ y1ampliación",5,FAQ (ampliación como techo adicional en descripción),48,Efeonce editorial,Producto/Legal banco según claims,Fuentes vigentes/reviewer y brief validado,Claim/source/version/reviewer; dos rondas; nuevo sólo por hueco; conservar cuenta como decisión,Diff y aprobación; URL si publicado,candidato_no_aprobado,Más cantidad/rondas/cambio brief/researchoriginal
M05-04,5,2,Ingeniería CMS,C5,Implementación CMS/template de paquetes SEO priorizados,3,paquetes ≤12h cada uno; mismos paquetes lane SEO,32,Efeonce si acceso o proveedor asignado,Owner web banco,CMS/staging/ventana de release,Sin defecto crítico; rollback; estados preparado/aprobado/implementado/verificado,Staging diff/test y readback URL si live,candidato_no_aprobado,App/core/redesign/migración/infra o >12hpaquete
M05-05,5,2,Analítica y reconciliación,C5,Lectura funnel y reconciliación agregada disponible,1,tablero+memo,24,Efeonce analítica +Data banco,Analytics/Finance/Privacidad banco,Datos autorizados eventos/cohort/moneda/ventana,Denominador/dedupe/atribución definidos; ND no cero; saldo no ingreso,Spec/event QA/export agregado y limitaciones,candidato_no_aprobado,Pipelinecore/MMPnuevo/linkage sensible/otro tablero
M05-06,5,2,Panel AEO,C5,Corrida mensual panel24×4superficies×2réplicas,192,observaciones core (+12trimestrales en piloto),24,Efeonce AEO,Efeonce estrategia; banco revisa claims,Cuenta/modes/settings/licencias/presupuesto/fuentes,Evidencia/status por celda; métricas por motor; exactitud y share con denominadores,Dataset/capturas/version/review; no observado si no ejecutado,candidato_no_aprobado,Más queries/frecuencia/modes o costoUIextra
M05-07,5,2,QA,C5,QA editorial/técnica móvil/desktop y regresión mensual,1,lote de QA mensual,20,Efeonce QA,Owner entrega banco para publicación,Lotes/review/staging/despliegue y fuentes,Cero defecto crítico para publicar; claims verificados y evidencia de URL real,Checklist con hallazgos/source/frames/readback,candidato_no_aprobado,AuditoríaWCAGintegral/pentest/devicefarm extra
M05-08,5,2,Coordinación,C5,Weekly45min; comité mensual60min; reporte/dependencias y gestión de reviewers,1,ciclo mensual,20,Efeonce coordinación,Sponsor banco,Canal/reviewers/calendario/proveedor,Estados y owner/plazos; retraso reprogramado; dos rondas consolidadas,Reporte/decisionlog/aprobaciones identificables,candidato_no_aprobado,Comités adicionales permanentes/24x7/rondasextra
M06-01,6,2,Dirección SEO/AEO,C6,Revisión trimestral y próximo backlog,1,memo,16,Efeonce estrategia,Sponsor Pibank,Owners/datos y alcance,Decisión fundamentada; ND y madurez documentados; no meta ROI temprana,Memo con fuentes/deltas/owner,candidato_no_aprobado,Otro producto/país/objetivo
M06-02,6,2,SEO técnico,C6,Diagnóstico y especificación de paquetes priorizados,3,paquetes compartidos con lane ingeniería,28,Efeonce SEO,Owner web Pibank,GSC/CMS/template/policy y proveedor,Hallazgo/hipótesis separados; URL/owner/decisión; redirects sólo evidenciados,Inventario fechado +brief técnico/crawl/GSC si acceso,candidato_no_aprobado,Corpus extra/migración/logs/templates complejos
M06-03,6,2,Editorial,C6,"App, OTP y acceso seguro; hasta5FAQ y1ampliación",5,FAQ (ampliación como techo adicional en descripción),48,Efeonce editorial,Producto/Legal banco según claims,Fuentes vigentes/reviewer y brief validado,Claim/source/version/reviewer; dos rondas; nuevo sólo por hueco; conservar cuenta como decisión,Diff y aprobación; URL si publicado,candidato_no_aprobado,Más cantidad/rondas/cambio brief/researchoriginal
M06-04,6,2,Ingeniería CMS,C6,Implementación CMS/template de paquetes SEO priorizados,3,paquetes ≤12h cada uno; mismos paquetes lane SEO,32,Efeonce si acceso o proveedor asignado,Owner web banco,CMS/staging/ventana de release,Sin defecto crítico; rollback; estados preparado/aprobado/implementado/verificado,Staging diff/test y readback URL si live,candidato_no_aprobado,App/core/redesign/migración/infra o >12hpaquete
M06-05,6,2,Analítica y reconciliación,C6,Lectura funnel y reconciliación agregada disponible,1,tablero+memo,28,Efeonce analítica +Data banco,Analytics/Finance/Privacidad banco,Datos autorizados eventos/cohort/moneda/ventana,Denominador/dedupe/atribución definidos; ND no cero; saldo no ingreso,Spec/event QA/export agregado y limitaciones,candidato_no_aprobado,Pipelinecore/MMPnuevo/linkage sensible/otro tablero
M06-06,6,2,Panel AEO,C6,Corrida mensual panel24×4superficies×2réplicas; piloto AI Mode6sentinel×2réplicas,192,observaciones core (+12trimestrales en piloto),28,Efeonce AEO,Efeonce estrategia; banco revisa claims,Cuenta/modes/settings/licencias/presupuesto/fuentes,Evidencia/status por celda; métricas por motor; exactitud y share con denominadores,Dataset/capturas/version/review; no observado si no ejecutado,candidato_no_aprobado,Más queries/frecuencia/modes o costoUIextra
M06-07,6,2,QA,C6,QA editorial/técnica móvil/desktop y regresión mensual,1,lote de QA mensual,20,Efeonce QA,Owner entrega banco para publicación,Lotes/review/staging/despliegue y fuentes,Cero defecto crítico para publicar; claims verificados y evidencia de URL real,Checklist con hallazgos/source/frames/readback,candidato_no_aprobado,AuditoríaWCAGintegral/pentest/devicefarm extra
M06-08,6,2,Coordinación,C6,Weekly45min; comité mensual60min; trimestre90min; reporte/dependencias y gestión de reviewers,1,ciclo mensual,20,Efeonce coordinación,Sponsor banco,Canal/reviewers/calendario/proveedor,Estados y owner/plazos; retraso reprogramado; dos rondas consolidadas,Reporte/decisionlog/aprobaciones identificables,candidato_no_aprobado,Comités adicionales permanentes/24x7/rondasextra
M07-01,7,3,Dirección SEO/AEO,Clusters por baseline,Selección y decisiones del mes,1,memo,12,Efeonce estrategia,Sponsor Pibank,Owners/datos y alcance,Decisión fundamentada; ND y madurez documentados; no meta ROI temprana,Memo con fuentes/deltas/owner,candidato_no_aprobado,Otro producto/país/objetivo
M07-02,7,3,SEO técnico,Clusters por baseline,Diagnóstico y especificación de paquetes priorizados,2,paquetes compartidos con lane ingeniería,24,Efeonce SEO,Owner web Pibank,GSC/CMS/template/policy y proveedor,Hallazgo/hipótesis separados; URL/owner/decisión; redirects sólo evidenciados,Inventario fechado +brief técnico/crawl/GSC si acceso,candidato_no_aprobado,Corpus extra/migración/logs/templates complejos
M07-03,7,3,Editorial,Clusters por baseline,Optimizar respuestas que maduran; hasta5FAQ y1ampliación,5,FAQ (ampliación como techo adicional en descripción),44,Efeonce editorial,Producto/Legal banco según claims,Fuentes vigentes/reviewer y brief validado,Claim/source/version/reviewer; dos rondas; nuevo sólo por hueco; conservar cuenta como decisión,Diff y aprobación; URL si publicado,candidato_no_aprobado,Más cantidad/rondas/cambio brief/researchoriginal
M07-04,7,3,Ingeniería CMS,Clusters por baseline,Implementación CMS/template de paquetes SEO priorizados,2,paquetes ≤12h cada uno; mismos paquetes lane SEO,28,Efeonce si acceso o proveedor asignado,Owner web banco,CMS/staging/ventana de release,Sin defecto crítico; rollback; estados preparado/aprobado/implementado/verificado,Staging diff/test y readback URL si live,candidato_no_aprobado,App/core/redesign/migración/infra o >12hpaquete
M07-05,7,3,Analítica y reconciliación,Clusters por baseline,Lectura funnel y reconciliación agregada disponible,1,tablero+memo,24,Efeonce analítica +Data banco,Analytics/Finance/Privacidad banco,Datos autorizados eventos/cohort/moneda/ventana,Denominador/dedupe/atribución definidos; ND no cero; saldo no ingreso,Spec/event QA/export agregado y limitaciones,candidato_no_aprobado,Pipelinecore/MMPnuevo/linkage sensible/otro tablero
M07-06,7,3,Panel AEO,Clusters por baseline,Corrida mensual panel24×4superficies×2réplicas,192,observaciones core (+12trimestrales en piloto),24,Efeonce AEO,Efeonce estrategia; banco revisa claims,Cuenta/modes/settings/licencias/presupuesto/fuentes,Evidencia/status por celda; métricas por motor; exactitud y share con denominadores,Dataset/capturas/version/review; no observado si no ejecutado,candidato_no_aprobado,Más queries/frecuencia/modes o costoUIextra
M07-07,7,3,QA,Clusters por baseline,QA editorial/técnica móvil/desktop y regresión mensual,1,lote de QA mensual,20,Efeonce QA,Owner entrega banco para publicación,Lotes/review/staging/despliegue y fuentes,Cero defecto crítico para publicar; claims verificados y evidencia de URL real,Checklist con hallazgos/source/frames/readback,candidato_no_aprobado,AuditoríaWCAGintegral/pentest/devicefarm extra
M07-08,7,3,Coordinación,Clusters por baseline,Weekly45min; comité mensual60min; reporte/dependencias y gestión de reviewers,1,ciclo mensual,20,Efeonce coordinación,Sponsor banco,Canal/reviewers/calendario/proveedor,Estados y owner/plazos; retraso reprogramado; dos rondas consolidadas,Reporte/decisionlog/aprobaciones identificables,candidato_no_aprobado,Comités adicionales permanentes/24x7/rondasextra
M08-01,8,3,Dirección SEO/AEO,Cluster adyacente validado,Selección y decisiones del mes,1,memo,12,Efeonce estrategia,Sponsor Pibank,Owners/datos y alcance,Decisión fundamentada; ND y madurez documentados; no meta ROI temprana,Memo con fuentes/deltas/owner,candidato_no_aprobado,Otro producto/país/objetivo
M08-02,8,3,SEO técnico,Cluster adyacente validado,Diagnóstico y especificación de paquetes priorizados,2,paquetes compartidos con lane ingeniería,24,Efeonce SEO,Owner web Pibank,GSC/CMS/template/policy y proveedor,Hallazgo/hipótesis separados; URL/owner/decisión; redirects sólo evidenciados,Inventario fechado +brief técnico/crawl/GSC si acceso,candidato_no_aprobado,Corpus extra/migración/logs/templates complejos
M08-03,8,3,Editorial,Cluster adyacente validado,Ampliación selectiva de decisión; hasta5FAQ y1ampliación,5,FAQ (ampliación como techo adicional en descripción),44,Efeonce editorial,Producto/Legal banco según claims,Fuentes vigentes/reviewer y brief validado,Claim/source/version/reviewer; dos rondas; nuevo sólo por hueco; conservar cuenta como decisión,Diff y aprobación; URL si publicado,candidato_no_aprobado,Más cantidad/rondas/cambio brief/researchoriginal
M08-04,8,3,Ingeniería CMS,Cluster adyacente validado,Implementación CMS/template de paquetes SEO priorizados,2,paquetes ≤12h cada uno; mismos paquetes lane SEO,28,Efeonce si acceso o proveedor asignado,Owner web banco,CMS/staging/ventana de release,Sin defecto crítico; rollback; estados preparado/aprobado/implementado/verificado,Staging diff/test y readback URL si live,candidato_no_aprobado,App/core/redesign/migración/infra o >12hpaquete
M08-05,8,3,Analítica y reconciliación,Cluster adyacente validado,Lectura funnel y reconciliación agregada disponible,1,tablero+memo,24,Efeonce analítica +Data banco,Analytics/Finance/Privacidad banco,Datos autorizados eventos/cohort/moneda/ventana,Denominador/dedupe/atribución definidos; ND no cero; saldo no ingreso,Spec/event QA/export agregado y limitaciones,candidato_no_aprobado,Pipelinecore/MMPnuevo/linkage sensible/otro tablero
M08-06,8,3,Panel AEO,Cluster adyacente validado,Corrida mensual panel24×4superficies×2réplicas,192,observaciones core (+12trimestrales en piloto),24,Efeonce AEO,Efeonce estrategia; banco revisa claims,Cuenta/modes/settings/licencias/presupuesto/fuentes,Evidencia/status por celda; métricas por motor; exactitud y share con denominadores,Dataset/capturas/version/review; no observado si no ejecutado,candidato_no_aprobado,Más queries/frecuencia/modes o costoUIextra
M08-07,8,3,QA,Cluster adyacente validado,QA editorial/técnica móvil/desktop y regresión mensual,1,lote de QA mensual,20,Efeonce QA,Owner entrega banco para publicación,Lotes/review/staging/despliegue y fuentes,Cero defecto crítico para publicar; claims verificados y evidencia de URL real,Checklist con hallazgos/source/frames/readback,candidato_no_aprobado,AuditoríaWCAGintegral/pentest/devicefarm extra
M08-08,8,3,Coordinación,Cluster adyacente validado,Weekly45min; comité mensual60min; reporte/dependencias y gestión de reviewers,1,ciclo mensual,20,Efeonce coordinación,Sponsor banco,Canal/reviewers/calendario/proveedor,Estados y owner/plazos; retraso reprogramado; dos rondas consolidadas,Reporte/decisionlog/aprobaciones identificables,candidato_no_aprobado,Comités adicionales permanentes/24x7/rondasextra
M09-01,9,3,Dirección SEO/AEO,Clusters por GSC/SERP,Revisión trimestral y próximo backlog,1,memo,16,Efeonce estrategia,Sponsor Pibank,Owners/datos y alcance,Decisión fundamentada; ND y madurez documentados; no meta ROI temprana,Memo con fuentes/deltas/owner,candidato_no_aprobado,Otro producto/país/objetivo
M09-02,9,3,SEO técnico,Clusters por GSC/SERP,Diagnóstico y especificación de paquetes priorizados,2,paquetes compartidos con lane ingeniería,24,Efeonce SEO,Owner web Pibank,GSC/CMS/template/policy y proveedor,Hallazgo/hipótesis separados; URL/owner/decisión; redirects sólo evidenciados,Inventario fechado +brief técnico/crawl/GSC si acceso,candidato_no_aprobado,Corpus extra/migración/logs/templates complejos
M09-03,9,3,Editorial,Clusters por GSC/SERP,Consolidación y condiciones; hasta5FAQ y1ampliación,5,FAQ (ampliación como techo adicional en descripción),44,Efeonce editorial,Producto/Legal banco según claims,Fuentes vigentes/reviewer y brief validado,Claim/source/version/reviewer; dos rondas; nuevo sólo por hueco; conservar cuenta como decisión,Diff y aprobación; URL si publicado,candidato_no_aprobado,Más cantidad/rondas/cambio brief/researchoriginal
M09-04,9,3,Ingeniería CMS,Clusters por GSC/SERP,Implementación CMS/template de paquetes SEO priorizados,2,paquetes ≤12h cada uno; mismos paquetes lane SEO,28,Efeonce si acceso o proveedor asignado,Owner web banco,CMS/staging/ventana de release,Sin defecto crítico; rollback; estados preparado/aprobado/implementado/verificado,Staging diff/test y readback URL si live,candidato_no_aprobado,App/core/redesign/migración/infra o >12hpaquete
M09-05,9,3,Analítica y reconciliación,Clusters por GSC/SERP,Lectura funnel y reconciliación agregada disponible,1,tablero+memo,28,Efeonce analítica +Data banco,Analytics/Finance/Privacidad banco,Datos autorizados eventos/cohort/moneda/ventana,Denominador/dedupe/atribución definidos; ND no cero; saldo no ingreso,Spec/event QA/export agregado y limitaciones,candidato_no_aprobado,Pipelinecore/MMPnuevo/linkage sensible/otro tablero
M09-06,9,3,Panel AEO,Clusters por GSC/SERP,Corrida mensual panel24×4superficies×2réplicas; piloto AI Mode6sentinel×2réplicas,192,observaciones core (+12trimestrales en piloto),28,Efeonce AEO,Efeonce estrategia; banco revisa claims,Cuenta/modes/settings/licencias/presupuesto/fuentes,Evidencia/status por celda; métricas por motor; exactitud y share con denominadores,Dataset/capturas/version/review; no observado si no ejecutado,candidato_no_aprobado,Más queries/frecuencia/modes o costoUIextra
M09-07,9,3,QA,Clusters por GSC/SERP,QA editorial/técnica móvil/desktop y regresión mensual,1,lote de QA mensual,20,Efeonce QA,Owner entrega banco para publicación,Lotes/review/staging/despliegue y fuentes,Cero defecto crítico para publicar; claims verificados y evidencia de URL real,Checklist con hallazgos/source/frames/readback,candidato_no_aprobado,AuditoríaWCAGintegral/pentest/devicefarm extra
M09-08,9,3,Coordinación,Clusters por GSC/SERP,Weekly45min; comité mensual60min; trimestre90min; reporte/dependencias y gestión de reviewers,1,ciclo mensual,20,Efeonce coordinación,Sponsor banco,Canal/reviewers/calendario/proveedor,Estados y owner/plazos; retraso reprogramado; dos rondas consolidadas,Reporte/decisionlog/aprobaciones identificables,candidato_no_aprobado,Comités adicionales permanentes/24x7/rondasextra
M10-01,10,4,Dirección SEO/AEO,Clusters priorizados,Selección y decisiones del mes,1,memo,12,Efeonce estrategia,Sponsor Pibank,Owners/datos y alcance,Decisión fundamentada; ND y madurez documentados; no meta ROI temprana,Memo con fuentes/deltas/owner,candidato_no_aprobado,Otro producto/país/objetivo
M10-02,10,4,SEO técnico,Clusters priorizados,Diagnóstico y especificación de paquetes priorizados,2,paquetes compartidos con lane ingeniería,28,Efeonce SEO,Owner web Pibank,GSC/CMS/template/policy y proveedor,Hallazgo/hipótesis separados; URL/owner/decisión; redirects sólo evidenciados,Inventario fechado +brief técnico/crawl/GSC si acceso,candidato_no_aprobado,Corpus extra/migración/logs/templates complejos
M10-03,10,4,Editorial,Clusters priorizados,Refinar hubs existentes; hasta5FAQ y0ampliación; hasta2revisiones hub,5,FAQ (ampliación como techo adicional en descripción),48,Efeonce editorial,Producto/Legal banco según claims,Fuentes vigentes/reviewer y brief validado,Claim/source/version/reviewer; dos rondas; nuevo sólo por hueco; conservar cuenta como decisión,Diff y aprobación; URL si publicado,candidato_no_aprobado,Más cantidad/rondas/cambio brief/researchoriginal
M10-04,10,4,Ingeniería CMS,Clusters priorizados,Implementación CMS/template de paquetes SEO priorizados,2,paquetes ≤12h cada uno; mismos paquetes lane SEO,32,Efeonce si acceso o proveedor asignado,Owner web banco,CMS/staging/ventana de release,Sin defecto crítico; rollback; estados preparado/aprobado/implementado/verificado,Staging diff/test y readback URL si live,candidato_no_aprobado,App/core/redesign/migración/infra o >12hpaquete
M10-05,10,4,Analítica y reconciliación,Clusters priorizados,Lectura funnel y reconciliación agregada disponible,1,tablero+memo,24,Efeonce analítica +Data banco,Analytics/Finance/Privacidad banco,Datos autorizados eventos/cohort/moneda/ventana,Denominador/dedupe/atribución definidos; ND no cero; saldo no ingreso,Spec/event QA/export agregado y limitaciones,candidato_no_aprobado,Pipelinecore/MMPnuevo/linkage sensible/otro tablero
M10-06,10,4,Panel AEO,Clusters priorizados,Corrida mensual panel24×4superficies×2réplicas,192,observaciones core (+12trimestrales en piloto),24,Efeonce AEO,Efeonce estrategia; banco revisa claims,Cuenta/modes/settings/licencias/presupuesto/fuentes,Evidencia/status por celda; métricas por motor; exactitud y share con denominadores,Dataset/capturas/version/review; no observado si no ejecutado,candidato_no_aprobado,Más queries/frecuencia/modes o costoUIextra
M10-07,10,4,QA,Clusters priorizados,QA editorial/técnica móvil/desktop y regresión mensual,1,lote de QA mensual,20,Efeonce QA,Owner entrega banco para publicación,Lotes/review/staging/despliegue y fuentes,Cero defecto crítico para publicar; claims verificados y evidencia de URL real,Checklist con hallazgos/source/frames/readback,candidato_no_aprobado,AuditoríaWCAGintegral/pentest/devicefarm extra
M10-08,10,4,Coordinación,Clusters priorizados,Weekly45min; comité mensual60min; reporte/dependencias y gestión de reviewers,1,ciclo mensual,20,Efeonce coordinación,Sponsor banco,Canal/reviewers/calendario/proveedor,Estados y owner/plazos; retraso reprogramado; dos rondas consolidadas,Reporte/decisionlog/aprobaciones identificables,candidato_no_aprobado,Comités adicionales permanentes/24x7/rondasextra
M11-01,11,4,Dirección SEO/AEO,Clusters priorizados,Selección y decisiones del mes,1,memo,12,Efeonce estrategia,Sponsor Pibank,Owners/datos y alcance,Decisión fundamentada; ND y madurez documentados; no meta ROI temprana,Memo con fuentes/deltas/owner,candidato_no_aprobado,Otro producto/país/objetivo
M11-02,11,4,SEO técnico,Clusters priorizados,Diagnóstico y especificación de paquetes priorizados,2,paquetes compartidos con lane ingeniería,24,Efeonce SEO,Owner web Pibank,GSC/CMS/template/policy y proveedor,Hallazgo/hipótesis separados; URL/owner/decisión; redirects sólo evidenciados,Inventario fechado +brief técnico/crawl/GSC si acceso,candidato_no_aprobado,Corpus extra/migración/logs/templates complejos
M11-03,11,4,Editorial,Clusters priorizados,Exactitud y continuidad campaña aprobada; hasta5FAQ y0ampliación; hasta2revisiones hub,5,FAQ (ampliación como techo adicional en descripción),48,Efeonce editorial,Producto/Legal banco según claims,Fuentes vigentes/reviewer y brief validado,Claim/source/version/reviewer; dos rondas; nuevo sólo por hueco; conservar cuenta como decisión,Diff y aprobación; URL si publicado,candidato_no_aprobado,Más cantidad/rondas/cambio brief/researchoriginal
M11-04,11,4,Ingeniería CMS,Clusters priorizados,Implementación CMS/template de paquetes SEO priorizados,2,paquetes ≤12h cada uno; mismos paquetes lane SEO,32,Efeonce si acceso o proveedor asignado,Owner web banco,CMS/staging/ventana de release,Sin defecto crítico; rollback; estados preparado/aprobado/implementado/verificado,Staging diff/test y readback URL si live,candidato_no_aprobado,App/core/redesign/migración/infra o >12hpaquete
M11-05,11,4,Analítica y reconciliación,Clusters priorizados,Lectura funnel y reconciliación agregada disponible,1,tablero+memo,24,Efeonce analítica +Data banco,Analytics/Finance/Privacidad banco,Datos autorizados eventos/cohort/moneda/ventana,Denominador/dedupe/atribución definidos; ND no cero; saldo no ingreso,Spec/event QA/export agregado y limitaciones,candidato_no_aprobado,Pipelinecore/MMPnuevo/linkage sensible/otro tablero
M11-06,11,4,Panel AEO,Clusters priorizados,Corrida mensual panel24×4superficies×2réplicas,192,observaciones core (+12trimestrales en piloto),24,Efeonce AEO,Efeonce estrategia; banco revisa claims,Cuenta/modes/settings/licencias/presupuesto/fuentes,Evidencia/status por celda; métricas por motor; exactitud y share con denominadores,Dataset/capturas/version/review; no observado si no ejecutado,candidato_no_aprobado,Más queries/frecuencia/modes o costoUIextra
M11-07,11,4,QA,Clusters priorizados,QA editorial/técnica móvil/desktop y regresión mensual,1,lote de QA mensual,20,Efeonce QA,Owner entrega banco para publicación,Lotes/review/staging/despliegue y fuentes,Cero defecto crítico para publicar; claims verificados y evidencia de URL real,Checklist con hallazgos/source/frames/readback,candidato_no_aprobado,AuditoríaWCAGintegral/pentest/devicefarm extra
M11-08,11,4,Coordinación,Clusters priorizados,Weekly45min; comité mensual60min; reporte/dependencias y gestión de reviewers,1,ciclo mensual,20,Efeonce coordinación,Sponsor banco,Canal/reviewers/calendario/proveedor,Estados y owner/plazos; retraso reprogramado; dos rondas consolidadas,Reporte/decisionlog/aprobaciones identificables,candidato_no_aprobado,Comités adicionales permanentes/24x7/rondasextra
M12-01,12,4,Dirección SEO/AEO,Clusters críticos,Revisión trimestral y próximo backlog,1,memo,20,Efeonce estrategia,Sponsor Pibank,Owners/datos y alcance,Decisión fundamentada; ND y madurez documentados; no meta ROI temprana,Memo con fuentes/deltas/owner,candidato_no_aprobado,Otro producto/país/objetivo
M12-02,12,4,SEO técnico,Clusters críticos,Diagnóstico y especificación de paquetes priorizados,2,paquetes compartidos con lane ingeniería,28,Efeonce SEO,Owner web Pibank,GSC/CMS/template/policy y proveedor,Hallazgo/hipótesis separados; URL/owner/decisión; redirects sólo evidenciados,Inventario fechado +brief técnico/crawl/GSC si acceso,candidato_no_aprobado,Corpus extra/migración/logs/templates complejos
M12-03,12,4,Editorial,Clusters críticos,Auditoría anual y transferencia; hasta4FAQ y0ampliación; hasta2revisiones hub,4,FAQ (ampliación como techo adicional en descripción),48,Efeonce editorial,Producto/Legal banco según claims,Fuentes vigentes/reviewer y brief validado,Claim/source/version/reviewer; dos rondas; nuevo sólo por hueco; conservar cuenta como decisión,Diff y aprobación; URL si publicado,candidato_no_aprobado,Más cantidad/rondas/cambio brief/researchoriginal
M12-04,12,4,Ingeniería CMS,Clusters críticos,Implementación CMS/template de paquetes SEO priorizados,2,paquetes ≤12h cada uno; mismos paquetes lane SEO,28,Efeonce si acceso o proveedor asignado,Owner web banco,CMS/staging/ventana de release,Sin defecto crítico; rollback; estados preparado/aprobado/implementado/verificado,Staging diff/test y readback URL si live,candidato_no_aprobado,App/core/redesign/migración/infra o >12hpaquete
M12-05,12,4,Analítica y reconciliación,Clusters críticos,Lectura funnel y reconciliación agregada disponible,1,tablero+memo,32,Efeonce analítica +Data banco,Analytics/Finance/Privacidad banco,Datos autorizados eventos/cohort/moneda/ventana,Denominador/dedupe/atribución definidos; ND no cero; saldo no ingreso,Spec/event QA/export agregado y limitaciones,candidato_no_aprobado,Pipelinecore/MMPnuevo/linkage sensible/otro tablero
M12-06,12,4,Panel AEO,Clusters críticos,Corrida mensual panel24×4superficies×2réplicas; piloto AI Mode6sentinel×2réplicas,192,observaciones core (+12trimestrales en piloto),28,Efeonce AEO,Efeonce estrategia; banco revisa claims,Cuenta/modes/settings/licencias/presupuesto/fuentes,Evidencia/status por celda; métricas por motor; exactitud y share con denominadores,Dataset/capturas/version/review; no observado si no ejecutado,candidato_no_aprobado,Más queries/frecuencia/modes o costoUIextra
M12-07,12,4,QA,Clusters críticos,QA editorial/técnica móvil/desktop y regresión mensual,1,lote de QA mensual,20,Efeonce QA,Owner entrega banco para publicación,Lotes/review/staging/despliegue y fuentes,Cero defecto crítico para publicar; claims verificados y evidencia de URL real,Checklist con hallazgos/source/frames/readback,candidato_no_aprobado,AuditoríaWCAGintegral/pentest/devicefarm extra
M12-08,12,4,Coordinación,Clusters críticos,Weekly45min; comité mensual60min; trimestre90min; reporte/dependencias y gestión de reviewers,1,ciclo mensual,20,Efeonce coordinación,Sponsor banco,Canal/reviewers/calendario/proveedor,Estados y owner/plazos; retraso reprogramado; dos rondas consolidadas,Reporte/decisionlog/aprobaciones identificables,candidato_no_aprobado,Comités adicionales permanentes/24x7/rondasextra
