id,keyword,normalized_keyword,market,language_code,brand_class,editorial_group_id,search_volume_monthly,volume_state,core_keyword,provider_updated_at,captured_at,use_in_demand_envelope
KW-001,abrir cuenta de ahorros,abrir cuenta de ahorros,PE,es,core_acquisition,G05_opening,210,estimated_observed,,2026-09-14 12:25:03 +00:00,2026-10-06T17:36:17.479Z,True
KW-002,abrir cuenta de ahorros banco de la nación online,abrir cuenta de ahorros banco de la nacion online,PE,es,competitor_or_institution_brand,brand_banco_de_la_nacion,390,estimated_observed,,2026-09-12 00:58:38 +00:00,2026-10-06T17:36:56.392Z,False
KW-003,abrir cuenta de ahorros bbva,abrir cuenta de ahorros bbva,PE,es,competitor_or_institution_brand,brand_bbva,590,estimated_observed,,2026-09-14 17:16:46 +00:00,2026-10-06T17:36:56.392Z,False
KW-004,abrir cuenta de ahorros bcp,abrir cuenta de ahorros bcp,PE,es,competitor_or_institution_brand,brand_bcp,1300,estimated_observed,,2026-09-15 06:23:53 +00:00,2026-10-06T17:36:56.392Z,False
KW-005,abrir cuenta de ahorros interbank,abrir cuenta de ahorros interbank,PE,es,competitor_or_institution_brand,brand_interbank,320,estimated_observed,,2026-09-12 23:38:32 +00:00,2026-10-06T17:36:56.392Z,False
KW-006,abrir cuenta de ahorros online,abrir cuenta de ahorros online,PE,es,core_acquisition,G05_opening,30,estimated_observed,abrir cuenta de ahorro online,2026-09-13 14:16:59 +00:00,2026-10-06T17:36:17.479Z,True
KW-007,abrir cuenta de ahorros scotiabank,abrir cuenta de ahorros scotiabank,PE,es,competitor_or_institution_brand,brand_scotiabank,140,estimated_observed,abrir cuenta de ahorro scotiabank,2026-09-12 07:19:55 +00:00,2026-10-06T17:36:56.392Z,False
KW-008,agora cuenta de ahorros,agora cuenta de ahorros,PE,es,competitor_or_institution_brand,brand_agora,260,estimated_observed,agora cuenta ahorro,2026-09-17 14:10:11 +00:00,2026-10-06T17:36:56.392Z,False
KW-009,ahorramas agora,ahorramas agora,PE,es,competitor_or_institution_brand,brand_agora,170,estimated_observed,agora ahorramas,2026-09-14 22:17:47 +00:00,2026-10-06T17:36:17.479Z,False
KW-010,apertura cuenta de ahorros,apertura cuenta de ahorros,PE,es,core_acquisition,G05_opening,140,estimated_observed,apertura de cuenta de ahorro,2026-09-13 07:22:25 +00:00,2026-10-06T17:36:56.392Z,True
KW-011,apertura de cuenta de ahorros,apertura de cuenta de ahorros,PE,es,core_acquisition,G05_opening,140,estimated_observed,apertura de cuenta de ahorro,2026-09-14 21:42:23 +00:00,2026-10-06T17:36:56.392Z,True
KW-012,banbif cuenta de ahorros,banbif cuenta de ahorros,PE,es,competitor_or_institution_brand,brand_banbif,480,estimated_observed,banbif cuenta de ahorro,2026-09-16 01:48:54 +00:00,2026-10-06T17:36:56.392Z,False
KW-013,banco de la nacion cuenta de ahorros,banco de la nacion cuenta de ahorros,PE,es,competitor_or_institution_brand,brand_banco_de_la_nacion,210,estimated_observed,cuenta de ahorros banco de la nacion,2026-09-16 13:58:49 +00:00,2026-10-06T17:36:56.392Z,False
KW-014,banco falabella cuenta de ahorros,banco falabella cuenta de ahorros,PE,es,competitor_or_institution_brand,brand_falabella,480,estimated_observed,cuenta de ahorro banco falabella,2026-09-17 00:55:58 +00:00,2026-10-06T17:36:56.392Z,False
KW-015,banco pichincha cuenta de ahorros,banco pichincha cuenta de ahorros,PE,es,competitor_or_institution_brand,brand_pichincha,390,estimated_observed,,2026-09-14 21:19:07 +00:00,2026-10-06T17:36:56.392Z,False
KW-016,banco ripley cuenta de ahorros,banco ripley cuenta de ahorros,PE,es,competitor_or_institution_brand,brand_ripley,260,estimated_observed,,2026-09-13 05:30:43 +00:00,2026-10-06T17:36:56.392Z,False
KW-017,bbva abrir cuenta de ahorros,bbva abrir cuenta de ahorros,PE,es,competitor_or_institution_brand,brand_bbva,210,estimated_observed,abrir cuenta de ahorros bbva,2026-09-16 05:06:02 +00:00,2026-10-06T17:36:56.392Z,False
KW-018,bbva cuenta de ahorros,bbva cuenta de ahorros,PE,es,competitor_or_institution_brand,brand_bbva,3600,estimated_observed,cuenta de ahorros bbva,2026-09-15 17:12:57 +00:00,2026-10-06T17:36:56.392Z,False
KW-019,bbva cuenta de ahorros cero mantenimiento,bbva cuenta de ahorros cero mantenimiento,PE,es,competitor_or_institution_brand,brand_bbva,210,estimated_observed,,2026-09-14 05:53:14 +00:00,2026-10-06T17:36:56.392Z,False
KW-020,bcp abrir cuenta de ahorros,bcp abrir cuenta de ahorros,PE,es,competitor_or_institution_brand,brand_bcp,320,estimated_observed,abrir cuenta de ahorros bcp,2026-09-17 08:42:59 +00:00,2026-10-06T17:36:56.392Z,False
KW-021,bcp crear cuenta de ahorros,bcp crear cuenta de ahorros,PE,es,competitor_or_institution_brand,brand_bcp,170,estimated_observed,crear cuenta de ahorros bcp,2026-09-15 10:45:43 +00:00,2026-10-06T17:36:56.392Z,False
KW-022,bcp cuenta de ahorros,bcp cuenta de ahorros,PE,es,competitor_or_institution_brand,brand_bcp,6600,estimated_observed,,2026-09-17 03:55:09 +00:00,2026-10-06T17:36:56.392Z,False
KW-023,caja arequipa cuenta de ahorros,caja arequipa cuenta de ahorros,PE,es,competitor_or_institution_brand,brand_caja_,480,estimated_observed,cuenta de ahorro caja arequipa,2026-09-16 08:37:53 +00:00,2026-10-06T17:36:56.392Z,False
KW-024,caja cusco cuenta de ahorros,caja cusco cuenta de ahorros,PE,es,competitor_or_institution_brand,brand_caja_,320,estimated_observed,cuenta ahorro caja cusco,2026-09-17 10:38:40 +00:00,2026-10-06T17:36:56.392Z,False
KW-025,caja huancayo cuenta de ahorros,caja huancayo cuenta de ahorros,PE,es,competitor_or_institution_brand,brand_caja_,1000,estimated_observed,,2026-09-13 08:10:56 +00:00,2026-10-06T17:36:56.392Z,False
KW-026,caja piura cuenta de ahorros,caja piura cuenta de ahorros,PE,es,competitor_or_institution_brand,brand_caja_,140,estimated_observed,cuenta de ahorros caja piura,2026-09-16 06:55:41 +00:00,2026-10-06T17:36:56.392Z,False
KW-027,calculadora intereses ahorro,calculadora intereses ahorro,PE,es,support_unquantified,G99_unassigned,,not_returned_not_zero,,,2026-10-06T17:36:17.479Z,False
KW-028,cci transferencia bancaria,cci transferencia bancaria,PE,es,support_unquantified,G99_unassigned,,not_returned_not_zero,,,2026-10-06T17:36:17.479Z,False
KW-029,como abrir una cuenta de ahorros bcp,como abrir una cuenta de ahorros bcp,PE,es,competitor_or_institution_brand,brand_bcp,210,estimated_observed,,2026-09-14 12:06:25 +00:00,2026-10-06T17:36:56.392Z,False
KW-030,como calcular intereses de una cuenta de ahorros,como calcular intereses de una cuenta de ahorros,PE,es,support_unquantified,G99_unassigned,,not_returned_not_zero,,,2026-10-06T17:36:17.479Z,False
KW-031,como sacar cuenta de ahorros bcp,como sacar cuenta de ahorros bcp,PE,es,competitor_or_institution_brand,brand_bcp,210,estimated_observed,,2026-09-14 07:03:39 +00:00,2026-10-06T17:36:56.392Z,False
KW-032,como se si mi cuenta es de ahorros o corriente,como se si mi cuenta es de ahorros o corriente,PE,es,education,G11_current_vs_savings,480,estimated_observed,,2026-09-15 19:56:10 +00:00,2026-10-06T17:36:56.392Z,False
KW-033,como transferir a otro banco,como transferir a otro banco,PE,es,support_unquantified,G99_unassigned,,not_returned_not_zero,,,2026-10-06T17:36:17.479Z,False
KW-034,comparabien cuenta de ahorros,comparabien cuenta de ahorros,PE,es,competitor_or_institution_brand,brand_comparabien,320,estimated_observed,,2026-09-15 00:56:34 +00:00,2026-10-06T17:36:56.392Z,False
KW-035,crear cuenta de ahorros bcp,crear cuenta de ahorros bcp,PE,es,competitor_or_institution_brand,brand_bcp,1300,estimated_observed,,2026-09-17 01:48:21 +00:00,2026-10-06T17:36:56.392Z,False
KW-036,crear cuenta de ahorros bcp digital,crear cuenta de ahorros bcp digital,PE,es,competitor_or_institution_brand,brand_bcp,390,estimated_observed,,2026-09-16 13:43:33 +00:00,2026-10-06T17:36:56.392Z,False
KW-037,crear cuenta de ahorros interbank,crear cuenta de ahorros interbank,PE,es,competitor_or_institution_brand,brand_interbank,210,estimated_observed,crear cuenta interbank de ahorros,2026-09-14 10:27:42 +00:00,2026-10-06T17:36:56.392Z,False
KW-038,cuenta ahorro preferente pichincha,cuenta ahorro preferente pichincha,PE,es,competitor_or_institution_brand,brand_pichincha,20,estimated_observed,cuenta de ahorros preferente pichincha,2026-09-16 23:59:26 +00:00,2026-10-06T17:36:17.479Z,False
KW-039,cuenta ahorro rentabilidad peru,cuenta ahorro rentabilidad peru,PE,es,support_unquantified,G99_unassigned,,not_returned_not_zero,,,2026-10-06T17:36:17.479Z,False
KW-040,cuenta ahorro scotiabank,cuenta ahorro scotiabank,PE,es,competitor_or_institution_brand,brand_scotiabank,210,estimated_observed,scotiabank cuenta de ahorros,2026-09-13 01:21:45 +00:00,2026-10-06T17:36:17.479Z,False
KW-041,cuenta ahorros banco de la nacion,cuenta ahorros banco de la nacion,PE,es,competitor_or_institution_brand,brand_banco_de_la_nacion,590,estimated_observed,cuenta de ahorros banco de la nacion,2026-09-12 08:17:38 +00:00,2026-10-06T17:36:56.392Z,False
KW-042,cuenta corriente cuenta de ahorros,cuenta corriente cuenta de ahorros,PE,es,education,G11_current_vs_savings,1000,estimated_observed,,2026-09-14 11:37:21 +00:00,2026-10-06T17:36:56.392Z,False
KW-043,cuenta corriente o cuenta de ahorros,cuenta corriente o cuenta de ahorros,PE,es,education,G11_current_vs_savings,1000,estimated_observed,cuenta de ahorros o cuenta corriente,2026-09-13 10:24:01 +00:00,2026-10-06T17:36:56.392Z,False
KW-044,cuenta corriente vs cuenta de ahorros,cuenta corriente vs cuenta de ahorros,PE,es,education,G11_current_vs_savings,170,estimated_observed,,2026-09-12 21:08:49 +00:00,2026-10-06T17:36:56.392Z,False
KW-045,cuenta corriente y cuenta de ahorros,cuenta corriente y cuenta de ahorros,PE,es,education,G11_current_vs_savings,1000,estimated_observed,cuenta de ahorros y cuenta corriente,2026-09-14 06:53:20 +00:00,2026-10-06T17:36:56.392Z,False
KW-046,cuenta de ahorro dolares,cuenta de ahorro dolares,PE,es,future_dollars,G08_usd_future,140,estimated_observed,cuenta de ahorro en dolares,2026-09-12 17:34:42 +00:00,2026-10-06T17:36:17.479Z,False
KW-047,cuenta de ahorro efectiva,cuenta de ahorro efectiva,PE,es,competitor_or_institution_brand,brand_efectiva,30,estimated_observed,efectiva cuenta de ahorros,2026-09-13 19:00:49 +00:00,2026-10-06T17:36:17.479Z,False
KW-048,cuenta de ahorro o deposito a plazo,cuenta de ahorro o deposito a plazo,PE,es,substitute,G09_term_substitute,10,estimated_observed,deposito a plazo o cuenta de ahorro,2026-09-13 11:10:56 +00:00,2026-10-06T17:36:17.479Z,False
KW-049,cuenta de ahorro soles,cuenta de ahorro soles,PE,es,support_unquantified,G99_unassigned,,not_returned_not_zero,,,2026-10-06T17:36:17.479Z,False
KW-050,cuenta de ahorros,cuenta de ahorros,PE,es,core_acquisition,G01_category,2900,estimated_observed,,2026-09-17 05:09:54 +00:00,2026-10-06T17:36:17.479Z,True
KW-051,cuenta de ahorros a plazo fijo,cuenta de ahorros a plazo fijo,PE,es,substitute,G09_term_substitute,390,estimated_observed,cuenta de ahorro a plazo fijo,2026-09-16 23:32:51 +00:00,2026-10-06T17:36:56.392Z,False
KW-052,cuenta de ahorros alto interes peru,cuenta de ahorros alto interes peru,PE,es,support_unquantified,G99_unassigned,,not_returned_not_zero,,,2026-10-06T17:36:17.479Z,False
KW-053,cuenta de ahorros banbif,cuenta de ahorros banbif,PE,es,competitor_or_institution_brand,brand_banbif,260,estimated_observed,banbif cuenta de ahorro,2026-09-14 05:53:14 +00:00,2026-10-06T17:36:56.392Z,False
KW-054,cuenta de ahorros banco de la nación,cuenta de ahorros banco de la nacion,PE,es,competitor_or_institution_brand,brand_banco_de_la_nacion,590,estimated_observed,cuenta de ahorros banco de la nacion,2026-09-13 05:20:51 +00:00,2026-10-06T17:36:56.392Z,False
KW-055,cuenta de ahorros banco falabella,cuenta de ahorros banco falabella,PE,es,competitor_or_institution_brand,brand_falabella,480,estimated_observed,cuenta de ahorro banco falabella,2026-09-15 21:48:51 +00:00,2026-10-06T17:36:56.392Z,False
KW-056,cuenta de ahorros banco pichincha,cuenta de ahorros banco pichincha,PE,es,competitor_or_institution_brand,brand_pichincha,170,estimated_observed,banco pichincha cuenta de ahorros,2026-09-15 09:47:49 +00:00,2026-10-06T17:36:56.392Z,False
KW-057,cuenta de ahorros bbva,cuenta de ahorros bbva,PE,es,competitor_or_institution_brand,brand_bbva,3600,estimated_observed,,2026-09-17 18:32:24 +00:00,2026-10-06T17:36:56.392Z,False
KW-058,cuenta de ahorros bbva peru,cuenta de ahorros bbva peru,PE,es,competitor_or_institution_brand,brand_bbva,170,estimated_observed,,2026-09-15 02:49:03 +00:00,2026-10-06T17:36:56.392Z,False
KW-059,cuenta de ahorros bcp,cuenta de ahorros bcp,PE,es,competitor_or_institution_brand,brand_bcp,6600,estimated_observed,bcp cuenta de ahorros,2026-09-13 10:54:27 +00:00,2026-10-06T17:36:56.392Z,False
KW-060,cuenta de ahorros caja arequipa,cuenta de ahorros caja arequipa,PE,es,competitor_or_institution_brand,brand_caja_,480,estimated_observed,cuenta de ahorro caja arequipa,2026-09-17 02:16:03 +00:00,2026-10-06T17:36:56.392Z,False
KW-061,cuenta de ahorros caja cusco,cuenta de ahorros caja cusco,PE,es,competitor_or_institution_brand,brand_caja_,170,estimated_observed,cuenta ahorro caja cusco,2026-09-14 17:57:37 +00:00,2026-10-06T17:36:56.392Z,False
KW-062,cuenta de ahorros caja huancayo,cuenta de ahorros caja huancayo,PE,es,competitor_or_institution_brand,brand_caja_,210,estimated_observed,caja huancayo cuenta de ahorros,2026-09-13 15:37:08 +00:00,2026-10-06T17:36:56.392Z,False
KW-063,cuenta de ahorros con intereses,cuenta de ahorros con intereses,PE,es,core_acquisition,G07_interest,210,estimated_observed,interés de cuenta de ahorro,2026-09-16 00:06:24 +00:00,2026-10-06T17:36:56.392Z,True
KW-064,cuenta de ahorros de alto rendimiento,cuenta de ahorros de alto rendimiento,PE,es,broad_mixed_geo,G02_high_yield,1600,estimated_observed,cuentas de ahorro de alto rendimiento,2026-09-17 16:28:29 +00:00,2026-10-06T17:36:56.392Z,False
KW-065,cuenta de ahorros de bcp,cuenta de ahorros de bcp,PE,es,competitor_or_institution_brand,brand_bcp,6600,estimated_observed,bcp cuenta de ahorros,2026-09-12 01:37:41 +00:00,2026-10-06T17:36:56.392Z,False
KW-066,cuenta de ahorros del banco de la nacion,cuenta de ahorros del banco de la nacion,PE,es,competitor_or_institution_brand,brand_banco_de_la_nacion,590,estimated_observed,cuenta de ahorro del banco de la nacion,2026-09-17 17:18:37 +00:00,2026-10-06T17:36:56.392Z,False
KW-067,cuenta de ahorros del bcp,cuenta de ahorros del bcp,PE,es,competitor_or_institution_brand,brand_bcp,6600,estimated_observed,cuenta de ahorro del bcp,2026-09-13 11:44:25 +00:00,2026-10-06T17:36:56.392Z,False
KW-068,cuenta de ahorros digital,cuenta de ahorros digital,PE,es,core_acquisition,G04_digital,210,estimated_observed,,2026-09-13 08:03:53 +00:00,2026-10-06T17:36:17.479Z,True
KW-069,cuenta de ahorros digital bcp,cuenta de ahorros digital bcp,PE,es,competitor_or_institution_brand,brand_bcp,140,estimated_observed,cuenta de ahorros bcp digital,2026-09-16 22:15:35 +00:00,2026-10-06T17:36:56.392Z,False
KW-070,cuenta de ahorros dolares,cuenta de ahorros dolares,PE,es,future_dollars,G08_usd_future,140,estimated_observed,cuenta de ahorro en dolares,2026-09-13 07:26:31 +00:00,2026-10-06T17:36:56.392Z,False
KW-071,cuenta de ahorros dolares bcp,cuenta de ahorros dolares bcp,PE,es,competitor_or_institution_brand,brand_bcp,170,estimated_observed,,2026-09-16 05:06:02 +00:00,2026-10-06T17:36:56.392Z,False
KW-072,cuenta de ahorros en bbva,cuenta de ahorros en bbva,PE,es,competitor_or_institution_brand,brand_bbva,3600,estimated_observed,cuenta de ahorros bbva,2026-09-13 04:25:56 +00:00,2026-10-06T17:36:56.392Z,False
KW-073,cuenta de ahorros en bcp,cuenta de ahorros en bcp,PE,es,competitor_or_institution_brand,brand_bcp,6600,estimated_observed,bcp cuenta de ahorros,2026-09-17 17:55:52 +00:00,2026-10-06T17:36:56.392Z,False
KW-074,cuenta de ahorros en dolares,cuenta de ahorros en dolares,PE,es,future_dollars,G08_usd_future,210,estimated_observed,cuenta de ahorro en dolares,2026-09-13 21:18:50 +00:00,2026-10-06T17:36:56.392Z,False
KW-075,cuenta de ahorros en dolares bcp,cuenta de ahorros en dolares bcp,PE,es,competitor_or_institution_brand,brand_bcp,170,estimated_observed,cuenta de ahorros dolares bcp,2026-09-17 06:36:15 +00:00,2026-10-06T17:36:56.392Z,False
KW-076,cuenta de ahorros en interbank,cuenta de ahorros en interbank,PE,es,competitor_or_institution_brand,brand_interbank,2900,estimated_observed,interbank cuenta de ahorros,2026-09-17 22:25:04 +00:00,2026-10-06T17:36:56.392Z,False
KW-077,cuenta de ahorros en scotiabank,cuenta de ahorros en scotiabank,PE,es,competitor_or_institution_brand,brand_scotiabank,1000,estimated_observed,scotiabank cuenta de ahorros,2026-09-17 08:46:03 +00:00,2026-10-06T17:36:56.392Z,False
KW-078,cuenta de ahorros falabella,cuenta de ahorros falabella,PE,es,competitor_or_institution_brand,brand_falabella,590,estimated_observed,,2026-09-17 18:41:16 +00:00,2026-10-06T17:36:56.392Z,False
KW-079,cuenta de ahorros interbank,cuenta de ahorros interbank,PE,es,competitor_or_institution_brand,brand_interbank,2900,estimated_observed,interbank cuenta de ahorros,2026-09-15 13:15:59 +00:00,2026-10-06T17:36:56.392Z,False
KW-080,cuenta de ahorros mibanco,cuenta de ahorros mibanco,PE,es,competitor_or_institution_brand,brand_mibanco,590,estimated_observed,mibanco cuenta de ahorros,2026-09-13 21:43:04 +00:00,2026-10-06T17:36:56.392Z,False
KW-081,cuenta de ahorros o cuenta corriente,cuenta de ahorros o cuenta corriente,PE,es,education,G11_current_vs_savings,1000,estimated_observed,,2026-09-15 02:13:23 +00:00,2026-10-06T17:36:56.392Z,False
KW-082,cuenta de ahorros peru,cuenta de ahorros peru,PE,es,core_acquisition,G01_category,70,estimated_observed,cuentas de ahorro peru,2026-09-16 01:27:08 +00:00,2026-10-06T17:36:17.479Z,True
KW-083,cuenta de ahorros pichincha,cuenta de ahorros pichincha,PE,es,competitor_or_institution_brand,brand_pichincha,210,estimated_observed,pichincha cuenta de ahorros,2026-09-12 18:38:16 +00:00,2026-10-06T17:36:56.392Z,False
KW-084,cuenta de ahorros plazo fijo,cuenta de ahorros plazo fijo,PE,es,substitute,G09_term_substitute,390,estimated_observed,cuenta de ahorro a plazo fijo,2026-09-15 13:25:13 +00:00,2026-10-06T17:36:56.392Z,False
KW-085,cuenta de ahorros preferente pichincha,cuenta de ahorros preferente pichincha,PE,es,competitor_or_institution_brand,brand_pichincha,170,estimated_observed,,2026-09-14 17:20:15 +00:00,2026-10-06T17:36:56.392Z,False
KW-086,cuenta de ahorros que es,cuenta de ahorros que es,PE,es,education,G10_definition,590,estimated_observed,que es una cuenta de ahorro,2026-09-16 11:55:01 +00:00,2026-10-06T17:36:56.392Z,False
KW-087,cuenta de ahorros ripley,cuenta de ahorros ripley,PE,es,competitor_or_institution_brand,brand_ripley,260,estimated_observed,,2026-09-14 02:27:43 +00:00,2026-10-06T17:36:56.392Z,False
KW-088,cuenta de ahorros santander,cuenta de ahorros santander,PE,es,competitor_or_institution_brand,brand_santander,210,estimated_observed,cuenta de ahorro santander,2026-09-17 04:01:17 +00:00,2026-10-06T17:36:56.392Z,False
KW-089,cuenta de ahorros scotiabank,cuenta de ahorros scotiabank,PE,es,competitor_or_institution_brand,brand_scotiabank,1000,estimated_observed,scotiabank cuenta de ahorros,2026-09-17 22:34:36 +00:00,2026-10-06T17:36:56.392Z,False
KW-090,cuenta de ahorros sin mantenimiento,cuenta de ahorros sin mantenimiento,PE,es,core_acquisition,G06_no_maintenance,50,estimated_observed,cuenta de ahorro sin mantenimiento,2026-09-17 23:57:04 +00:00,2026-10-06T17:36:17.479Z,True
KW-091,cuenta de ahorros vs cuenta corriente,cuenta de ahorros vs cuenta corriente,PE,es,education,G11_current_vs_savings,170,estimated_observed,cuenta corriente vs cuenta de ahorros,2026-09-12 05:12:42 +00:00,2026-10-06T17:36:56.392Z,False
KW-092,cuenta de ahorros y cuenta corriente,cuenta de ahorros y cuenta corriente,PE,es,education,G11_current_vs_savings,1000,estimated_observed,,2026-09-14 03:47:35 +00:00,2026-10-06T17:36:56.392Z,False
KW-093,cuenta digital bbva,cuenta digital bbva,PE,es,competitor_or_institution_brand,brand_bbva,6600,estimated_observed,,2026-09-14 16:53:57 +00:00,2026-10-06T17:36:17.479Z,False
KW-094,cuenta digital bcp,cuenta digital bcp,PE,es,competitor_or_institution_brand,brand_bcp,5400,estimated_observed,,2026-09-13 15:21:57 +00:00,2026-10-06T17:36:17.479Z,False
KW-095,cuenta remunerada peru,cuenta remunerada peru,PE,es,support_unquantified,G99_unassigned,,not_returned_not_zero,,,2026-10-06T17:36:17.479Z,False
KW-096,cuenta super tasa interbank,cuenta super tasa interbank,PE,es,competitor_or_institution_brand,brand_interbank,1900,estimated_observed,,2026-09-17 15:28:44 +00:00,2026-10-06T17:36:17.479Z,False
KW-097,deposito a plazo fijo peru,deposito a plazo fijo peru,PE,es,substitute,G09_term_substitute,260,estimated_observed,,2026-09-17 17:29:37 +00:00,2026-10-06T17:36:17.479Z,False
KW-098,diferencia entre cuenta corriente y cuenta de ahorros,diferencia entre cuenta corriente y cuenta de ahorros,PE,es,education,G11_current_vs_savings,1600,estimated_observed,,2026-09-14 04:15:21 +00:00,2026-10-06T17:36:56.392Z,False
KW-099,diferencia entre cuenta corriente y cuenta de ahorros bcp,diferencia entre cuenta corriente y cuenta de ahorros bcp,PE,es,competitor_or_institution_brand,brand_bcp,210,estimated_observed,,2026-09-13 19:31:46 +00:00,2026-10-06T17:36:56.392Z,False
KW-100,diferencia entre cuenta de ahorros y cuenta corriente,diferencia entre cuenta de ahorros y cuenta corriente,PE,es,education,G11_current_vs_savings,1600,estimated_observed,diferencia entre cuenta corriente y cuenta de ahorros,2026-09-12 23:36:36 +00:00,2026-10-06T17:36:56.392Z,False
KW-101,falabella cuenta de ahorros,falabella cuenta de ahorros,PE,es,competitor_or_institution_brand,brand_falabella,590,estimated_observed,cuenta de ahorros falabella,2026-09-16 20:12:22 +00:00,2026-10-06T17:36:56.392Z,False
KW-102,financiera efectiva cuenta de ahorros,financiera efectiva cuenta de ahorros,PE,es,competitor_or_institution_brand,brand_efectiva,140,estimated_observed,,2026-09-13 23:42:40 +00:00,2026-10-06T17:36:56.392Z,False
KW-103,fondo de seguro de depositos,fondo de seguro de depositos,PE,es,trust_support,G12_trust_fsd,1600,estimated_observed,fondo de seguro de deposito,2026-09-12 15:15:53 +00:00,2026-10-06T17:36:17.479Z,False
KW-104,interbank abrir cuenta de ahorros,interbank abrir cuenta de ahorros,PE,es,competitor_or_institution_brand,brand_interbank,140,estimated_observed,abrir cuenta de ahorros interbank,2026-09-14 18:20:50 +00:00,2026-10-06T17:36:56.392Z,False
KW-105,interbank cuenta de ahorros,interbank cuenta de ahorros,PE,es,competitor_or_institution_brand,brand_interbank,2900,estimated_observed,,2026-09-14 21:21:39 +00:00,2026-10-06T17:36:56.392Z,False
KW-106,intereses cuenta de ahorros,intereses cuenta de ahorros,PE,es,core_acquisition,G07_interest,210,estimated_observed,interés de cuenta de ahorro,2026-09-12 21:31:51 +00:00,2026-10-06T17:36:56.392Z,True
KW-107,intereses en cuenta de ahorros,intereses en cuenta de ahorros,PE,es,core_acquisition,G07_interest,210,estimated_observed,interés de cuenta de ahorro,2026-09-14 18:14:50 +00:00,2026-10-06T17:36:56.392Z,True
KW-108,mejor banco para ahorrar peru,mejor banco para ahorrar peru,PE,es,core_acquisition,G03_comparison,50,estimated_observed,mejores bancos para ahorrar peru,2026-09-15 07:47:13 +00:00,2026-10-06T17:36:17.479Z,True
KW-109,mejor cuenta de ahorros,mejor cuenta de ahorros,PE,es,core_acquisition,G03_comparison,210,estimated_observed,mejores cuentas de ahorro,2026-09-14 06:33:41 +00:00,2026-10-06T17:36:56.392Z,True
KW-110,mejor cuenta de ahorros peru,mejor cuenta de ahorros peru,PE,es,core_acquisition,G03_comparison,320,estimated_observed,mejores cuentas de ahorro peru,2026-09-16 00:20:41 +00:00,2026-10-06T17:36:17.479Z,True
KW-111,mibanco cuenta de ahorros,mibanco cuenta de ahorros,PE,es,competitor_or_institution_brand,brand_mibanco,590,estimated_observed,,2026-09-14 02:38:39 +00:00,2026-10-06T17:36:56.392Z,False
KW-112,pibank,pibank,PE,es,pibank_brand,brand_pibank,140,estimated_observed,,2026-09-17 08:10:39 +00:00,2026-10-06T17:36:17.479Z,False
KW-113,pibank abrir cuenta,pibank abrir cuenta,PE,es,pibank_brand,brand_pibank,,not_returned_not_zero,,,2026-10-06T17:36:17.479Z,False
KW-114,pibank cuenta soles,pibank cuenta soles,PE,es,pibank_brand,brand_pibank,,not_returned_not_zero,,,2026-10-06T17:36:17.479Z,False
KW-115,pibank es seguro,pibank es seguro,PE,es,pibank_brand,brand_pibank,,not_returned_not_zero,,,2026-10-06T17:36:17.479Z,False
KW-116,pibank peru,pibank peru,PE,es,pibank_brand,brand_pibank,,not_returned_not_zero,,,2026-10-06T17:36:17.479Z,False
KW-117,pibank tasa,pibank tasa,PE,es,pibank_brand,brand_pibank,,not_returned_not_zero,,,2026-10-06T17:36:17.479Z,False
KW-118,pichincha cuenta de ahorros,pichincha cuenta de ahorros,PE,es,competitor_or_institution_brand,brand_pichincha,210,estimated_observed,,2026-09-16 10:46:17 +00:00,2026-10-06T17:36:56.392Z,False
KW-119,que banco paga mas intereses en peru,que banco paga mas intereses en peru,PE,es,core_acquisition,G03_comparison,40,estimated_observed,que banco paga más intereses en perú,2026-09-16 04:22:34 +00:00,2026-10-06T17:36:17.479Z,True
KW-120,que es cuenta corriente y cuenta de ahorros,que es cuenta corriente y cuenta de ahorros,PE,es,education,G11_current_vs_savings,260,estimated_observed,,2026-09-16 06:19:34 +00:00,2026-10-06T17:36:56.392Z,False
KW-121,que es cuenta de ahorros,que es cuenta de ahorros,PE,es,education,G10_definition,590,estimated_observed,que es una cuenta de ahorro,2026-09-16 03:34:45 +00:00,2026-10-06T17:36:56.392Z,False
KW-122,que es trea,que es trea,PE,es,trust_support,G13_trea,880,estimated_observed,que es la trea,2026-09-15 13:19:51 +00:00,2026-10-06T17:36:17.479Z,False
KW-123,que es una cuenta de ahorros,que es una cuenta de ahorros,PE,es,education,G10_definition,590,estimated_observed,que es una cuenta de ahorro,2026-09-17 22:24:00 +00:00,2026-10-06T17:36:56.392Z,False
KW-124,requisitos para abrir una cuenta de ahorros en el bcp,requisitos para abrir una cuenta de ahorros en el bcp,PE,es,competitor_or_institution_brand,brand_bcp,260,estimated_observed,requisitos para abrir cuenta de ahorros bcp,2026-09-16 16:49:44 +00:00,2026-10-06T17:36:56.392Z,False
KW-125,sbs cuenta de ahorros,sbs cuenta de ahorros,PE,es,competitor_or_institution_brand,brand_sbs,170,estimated_observed,sbs cuentas de ahorro,2026-09-16 12:40:03 +00:00,2026-10-06T17:36:56.392Z,False
KW-126,scotiabank cuenta de ahorros,scotiabank cuenta de ahorros,PE,es,competitor_or_institution_brand,brand_scotiabank,1000,estimated_observed,,2026-09-17 06:40:20 +00:00,2026-10-06T17:36:56.392Z,False
KW-127,tasa de interes cuenta de ahorros,tasa de interes cuenta de ahorros,PE,es,core_acquisition,G07_interest,,not_returned_not_zero,,,2026-10-06T17:36:17.479Z,False
