generation_id	duracion_s	prompt
cTgDgHsApsFuL2moso6U	4.48	[curious] Hoy, tus clientes no buscan… [excited] ¡le preguntan a la IA!
oSDkzgmcZfuKCuh08Zs8	4.64	[curious] Hoy, tus clientes no buscan… [excited] ¡le preguntan a la IA!
KUysOlBv997jXMWxGopg	4.16	[dramatically] Y si la IA no te conoce… [short pause] no te nombra.
LOzRGmTHsqmlncfwBrOG	4.16	[dramatically] Y si la IA no te conoce… [short pause] no te nombra.
clFCUnBBrJNiROEN8HoT	6.24	[excited] ¡Por eso existen los Sparks de Efeonce! [warmly] Agentes que trabajan con tu equipo, bajo TU dirección.
VpofIIxy6ZyqZ7aFYC6S	6.32	[excited] ¡Por eso existen los Sparks de Efeonce! [warmly] Agentes que trabajan con tu equipo, bajo TU dirección.
KieYcG3IC8y716Bbe5m9	6.24	[curious] Primero, entienden cómo te ven las IA: qué fuentes leen… y de quién hablan en tu lugar.
jVz37o3zExFcaBKOmuuy	6.24	[curious] Primero, entienden cómo te ven las IA: qué fuentes leen… y de quién hablan en tu lugar.
4Yb8c8rxYWMdMNW6E2rK	7.2	[happy] Después, ordenan lo que falta: contenido claro, datos que se conectan, señales que una IA puede citar.
9LnMKYDy5a7BDflXSxQ1	7.2	[happy] Después, ordenan lo que falta: contenido claro, datos que se conectan, señales que una IA puede citar.
Y6iY2Jag16rgQwr9ApCJ	2.24	[warmly] Y TÚ decides cada paso.
0nhhJJx5nOrHvyh7AoiK	2.16	[warmly] Y TÚ decides cada paso.
lsTdopCdZU4tBpTMG6Jb	4	[happy] Ahora, cuando preguntan… [excited] ¡la IA ya sabe quién eres!
yn4i0XFAJKkMFOacSHYS	4	[happy] Ahora, cuando preguntan… [excited] ¡la IA ya sabe quién eres!
QTqHzEdB3Ai2xkY4kbtt	7.44	[excited] Efeonce AEO. [warmly] Mide tu visibilidad en los motores de respuesta de IA con nuestro AI Visibility Report.
YmE2rBCpQQmNhBpkEKcD	7.68	[excited] Efeonce AEO. [warmly] Mide tu visibilidad en los motores de respuesta de IA con nuestro AI Visibility Report.
