mes,entrega_principal,tipo,faq_foco_2_por_mes,paquete_tecnico,pr,condicion
1,Producto: propuesta de ahorro y continuidad hacia apertura,Mejora existente,Apertura y requisitos,"Baseline, indexacion y eventos web/handoff",Mapa de medios y vocero,Producto/Cumplimiento; TI para entorno y eventos
2,"Calculadora: metodo, ejemplos y continuidad",Mejora existente,Primer deposito y transferencias,Calculadora y handoff; pruebas de eventos disponibles,"Preparar datos, ejemplos y dossier Q1",Formula/tarifario aprobados; ejemplo de CCI validado por banco
3,Guia general de comparacion de ahorro en Peru,Nuevo destino condicionado,Costos y rendimiento,Enlaces producto/comparacion y schema correcto,Campana Q1: comparar ahorro,"Muestra, fuentes y fecha aprobadas; recurso publico antes de contacto"
4,Comparacion con Super Tasa Interbank,Nuevo destino condicionado,Liquidez y saldo minimo,Enlaces y presentacion por intencion,Angulo y seguimiento de Q1,Confirmar fuentes/intencion; sin navegar o dar soporte al rival
5,Comparacion con Power Scotiabank,Nuevo destino condicionado,TREA y calculo,Verificar comparacion y medicion,Campana Q2: entender rendimiento,Calculadora lista desde M2; cifras y vocero aprobados
6,Comparacion con ahorro BCP,Nuevo destino condicionado,Traslado parcial y costos,Revision semestral por pagina y funnel,Angulo y seguimiento de Q2,Fuente vigente; no comparar solo tasa con productos distintos
7,Comparacion BBVA si confirma encaje,Nuevo destino condicionado,Ahorro digital frente a pagos,Revision de cobertura y mejoras elegidas,Angulo trimestral,Ampliacion de demanda/encaje; sustituir si no aporta intencion distinta
8,Recurso de ahorro disponible para imprevistos,Nuevo destino condicionado,Disponibilidad y primer fondeo,Recurso y recorrido comprobados,Campana Q3: separar ahorro y gasto,Plantilla util aprobada y publicada antes de contacto
9,Liquidez frente a plazo fijo en la guia existente,Mejora existente,Transferencias y limites,Optimizar calculadora/apertura/fondeo con datos,Angulo y seguimiento de Q3,"Lectura de conversion por cohortes, sin vender plazo fijo"
10,Respaldo e identidad de producto con fuentes vigentes,Mejora existente,Seguridad e identidad,Consolidar fuentes/entidad/schema,Preparar corte comparable Q4,Revisar fuente FSD/identidad; evitar condiciones futuras
11,Segundo corte del comparativo general,Mejora existente,Condiciones actualizadas,Actualizar guia/metodo y URLs afectadas,Campana Q4: revisar el ahorro,Mismo metodo de Q1; revalidar condiciones y publicacion
12,Consolidacion de activos y balance anual,Mejora existente,Dudas prioritarias por evidencia,Consolidacion y decision del siguiente ciclo,Balance de cobertura y enlaces,Datos disponibles; separar atribucion e incremento
