n,url,h1,status,read_date,body_sha256,family,existing,default_action,conversion_measured
1,https://pibank.pe/faq/what-is-the-pibank-savings-account/,¿Qué es la Cuenta Pibank?,200,2026-10-06,3e8b78861117e95c20379e6f525f8574dec8720f45575629da4f3053ebfc64f9,A01,True,review/improve existing; new URL only if distinct gap,False
2,https://pibank.pe/faq/puedo-realizar-operaciones-por-telefono/,¿Puedo realizar operaciones por teléfono?,200,2026-10-06,e44b5e457ff0befaf8e324e7de9d34b051db16e802837b1591722f9cf7fd83f8,B03,True,review/improve existing; new URL only if distinct gap,False
3,https://pibank.pe/faq/como-contacto-con-pibank-si-necesito-ayuda/,¿Cómo contacto con Pibank si necesito ayuda?,200,2026-10-06,6ac1feb14fc6fe0b04a9f30959f350cdc58c0f1289a38c9e64dbba1d7d7816ab,B03,True,review/improve existing; new URL only if distinct gap,False
4,https://pibank.pe/faq/como-abrir-una-cuenta-en-pibank/,¿Cómo abrir una cuenta en Pibank?,200,2026-10-06,7fcce53685af96098581e8de1d9db64861f5ebfd50003112d0873aaf85607a12,A07,True,review/improve existing; new URL only if distinct gap,False
5,https://pibank.pe/faq/que-es-y-como-funciona-el-codigo-o-clave-dinamica-otp/,¿Qué es y cómo funciona el código o clave dinámica OTP?,200,2026-10-06,06bea10a0e5e05ba242e1da219675a6847b4af91a5b2c34f8538bb2b9f3e1e96,B03,True,review/improve existing; new URL only if distinct gap,False
6,https://pibank.pe/faq/que-necesito-para-acceder-a-la-app-de-pibank/,¿Qué necesito para acceder a la app de Pibank?,200,2026-10-06,7314168727033a6c5bd4d0f3ea0c1f035f64d438889b63a27e4f7c1c68d68b7e,B03,True,review/improve existing; new URL only if distinct gap,False
7,https://pibank.pe/faq/que-es-el-phishing/,¿Qué es el phishing?,200,2026-10-06,e2a2db04acf19aff864bd7156c0340b23c703579a5da03051cfd6f2afd79e40c,B03,True,review/improve existing; new URL only if distinct gap,False
8,https://pibank.pe/faq/que-es-el-vishing/,¿Qué es el vishing?,200,2026-10-06,321508c82a2050b343a2443467fea885bc94c6ff28147404caa366e42f343788,B03,True,review/improve existing; new URL only if distinct gap,False
9,https://pibank.pe/faq/que-es-el-smishing/,¿Qué es el smishing?,200,2026-10-06,2801c6679dda10b9283a0318f0a4b807f87add39b5278e005b6174698d157a4f,B03,True,review/improve existing; new URL only if distinct gap,False
10,https://pibank.pe/faq/que-requisitos-debo-cumplir-para-contratar-una-cuenta-pibank/,¿Qué requisitos debo cumplir para contratar una Cuenta Pibank?,200,2026-10-06,0620ab0c7fd2f980888e747bb517e1105f7cce20473a04b2d8f66d9c4dd92958,A07,True,review/improve existing; new URL only if distinct gap,False
11,https://pibank.pe/faq/para-que-sirve-mi-cuenta-pibank/,¿Para qué sirve mi Cuenta Pibank?,200,2026-10-06,add11cb39a343cfe92d0964a1da744ad7b7efbb25ac7a6143576a95c8e040b97,A01,True,review/improve existing; new URL only if distinct gap,False
12,https://pibank.pe/faq/tiene-un-importe-minimo-de-apertura-mi-cuenta-pibank/,¿Tiene un importe mínimo de apertura mi Cuenta Pibank?,200,2026-10-06,0672b862cb6d393172807a59caf2033763462368330ea62aeae937cd709cba61,A02,True,review/improve existing; new URL only if distinct gap,False
13,https://pibank.pe/faq/tiene-comisiones-mi-cuenta-pibank/,¿Tiene comisiones mi Cuenta Pibank?,200,2026-10-06,fffec439aae79bdff844371961be7a1d25d52c0e07289efbe435b09e063d9fbc,A02,True,review/improve existing; new URL only if distinct gap,False
14,https://pibank.pe/faq/a-partir-de-que-monto-la-cuenta-pibank-paga-intereses/,¿A partir de qué monto la Cuenta Pibank paga intereses?,200,2026-10-06,e0e96335cc11ef3401f5761eb9ab1926a6da806415634072b09e030164956d8d,A02,True,review/improve existing; new URL only if distinct gap,False
15,https://pibank.pe/faq/puedo-abrir-o-cerrar-mi-cuenta-pibank-cuando-quiera/,¿Puedo abrir o cerrar mi Cuenta Pibank cuando quiera?,200,2026-10-06,8790311f56ee3efdd6741d008fb4527365433292dea215b86f91c7130842ad5c,B03,True,review/improve existing; new URL only if distinct gap,False
16,https://pibank.pe/faq/tiene-costo-de-mantenimiento/,¿Tiene costo de mantenimiento?,200,2026-10-06,379d2f4eb9f537e27ab752d5459cba7fa37200edd59c1f59269b2f8dddcaa6f5,A02,True,review/improve existing; new URL only if distinct gap,False
17,https://pibank.pe/faq/que-documentos-necesito-para-abrir-una-cuenta-pibank/,¿Qué documentos necesito para abrir una Cuenta Pibank?,200,2026-10-06,f91f17777ec93b7054b9740dfb9197c6fcfb718c3fcdb5dcec41e977dc3a049a,A07,True,review/improve existing; new URL only if distinct gap,False
18,https://pibank.pe/faq/puedo-pagar-servicios-desde-mi-cuenta-pibank/,¿Puedo pagar servicios desde mi Cuenta Pibank?,200,2026-10-06,811d6b80e7cf36d1ed472af83e755660089043d361d9a01e8acc1237f45f58e2,B03,True,review/improve existing; new URL only if distinct gap,False
19,https://pibank.pe/faq/cual-es-la-tasa-de-interes-de-mi-cuenta-pibank/,¿Cuál es la tasa de interés de mi Cuenta Pibank?,200,2026-10-06,7c985674e193b07e20020a4662d23af44cba6acf033de4daea9c49b3c9aec1f5,A02,True,review/improve existing; new URL only if distinct gap,False
20,https://pibank.pe/faq/como-se-calculan-los-intereses/,¿Cómo se calculan los intereses?,200,2026-10-06,4fe3ee637af8191b7b7785c1923e5c84ad5b839aaaa998f11c565d8bb567feba,A02,True,review/improve existing; new URL only if distinct gap,False
21,https://pibank.pe/faq/cuando-se-abonan-los-intereses-de-mi-cuenta-pibank/,¿Cuándo se abonan los intereses de mi Cuenta Pibank?,200,2026-10-06,03371c2724a4c9558c813c48ebc7a9902556424b1e33b06cbf4541b606e119b4,A02,True,review/improve existing; new URL only if distinct gap,False
22,https://pibank.pe/faq/puedo-contratar-mas-de-una-cuenta-pibank/,¿Puedo contratar más de una Cuenta Pibank?,200,2026-10-06,9d0e82bfeb061ab85a558297cd6eca5c027aa1d53d94c826e3c247e1d5648ced,B03,True,review/improve existing; new URL only if distinct gap,False
23,https://pibank.pe/faq/que-operaciones-puedo-realizar/,¿Qué operaciones puedo realizar?,200,2026-10-06,4ee35d86256fb18c03be0398fdbd4e49c709e3ff2da7679ac4a37ed2bb5cd1a4,E09,True,review/improve existing; new URL only if distinct gap,False
24,https://pibank.pe/faq/puedo-crear-mi-usuario-digital-por-la-app/,¿Puedo crear mi usuario digital por la App?,200,2026-10-06,632bea065ad09caac3451a644bade5ddfeb858475aa50ac573ab07ce52ee8121,B03,True,review/improve existing; new URL only if distinct gap,False
25,https://pibank.pe/faq/tiene-comisiones-mis-operaciones-en-la-app-pibank/,¿Tiene comisiones mis operaciones en la App Pibank?,200,2026-10-06,cabe0f35d3ec63d56fa03e918aebc8cd8dd506ac3820913622b61405370f5fc5,A02,True,review/improve existing; new URL only if distinct gap,False
26,https://pibank.pe/faq/puedo-realizar-una-transferencia-internacional-desde-mi-cuenta-pibank/,¿Puedo realizar una transferencia internacional desde mi Cuenta Pibank?,200,2026-10-06,92d16abd06627252731b33ba3bcbae7819c4b741150459d4e4d622b413a73362,E09,True,review/improve existing; new URL only if distinct gap,False
27,https://pibank.pe/faq/que-es-el-codigo-o-clave-dinamica-otp/,¿Qué es el código o clave dinámica (OTP)?,200,2026-10-06,fd076092edc0c4bb3b2dbdb888b991d37171c998d7c8691afa2f017f18e42fd5,B03,True,review/improve existing; new URL only if distinct gap,False
28,https://pibank.pe/faq/que-es-el-token-digital/,¿Qué es el token digital?,200,2026-10-06,4b22f63b66e6fbc3dbfc34a1df4dae3716a8e9567146f3e0b0eb02f133e2c70b,B03,True,review/improve existing; new URL only if distinct gap,False
29,https://pibank.pe/faq/como-cambio-mi-contrasena/,¿Cómo cambio mi contraseña?,200,2026-10-06,d516d5cf1b6a72faf5be210bd4bf2094769b498a9aba8f182aca670f93f0b8b3,B03,True,review/improve existing; new URL only if distinct gap,False
30,https://pibank.pe/faq/cuantos-dispositivos-puedo-tener-afiliados-a-mi-cuenta/,¿Cuántos dispositivos puedo tener afiliados a mi cuenta?,200,2026-10-06,ec1d6c19cb8ceeb6e9cfcec6b1f86f6798f3f5eaab8e3bf5ea2ab1b482cfdd5e,B03,True,review/improve existing; new URL only if distinct gap,False
31,https://pibank.pe/faq/como-puedo-cambiar-los-limites-de-mis-operaciones/,¿Cómo puedo cambiar los límites de mis operaciones?,200,2026-10-06,3e0c00f770f3ef13ce8e5809238b149d3af912f48e06033e8bfd9766388852af,E09,True,review/improve existing; new URL only if distinct gap,False
32,https://pibank.pe/faq/el-inicio-de-sesion-con-faceid-o-huella-dactilar-es-obligatorio/,¿El inicio de sesión con FaceID o huella dactilar es obligatorio?,200,2026-10-06,762ebb742ce41c2ab2a20dcf741cf562a50e9500f55d303257162043b3b26cb2,B03,True,review/improve existing; new URL only if distinct gap,False
33,https://pibank.pe/faq/puedo-crear-otra-cuenta-desde-el-app/,¿Puedo crear otra cuenta desde el APP?,200,2026-10-06,481e6ce299e5fc24e4fb264d59ac873567a41b0810f1082a7c4272239064f056,B03,True,review/improve existing; new URL only if distinct gap,False
34,https://pibank.pe/faq/que-son-las-transferencias-inmediatas-o-por-horarios/,¿Qué son las transferencias inmediatas o por horarios?,200,2026-10-06,04fc53dd00fbd8c0bd2d92a3c57285882fb93643b6b42a266f410ccd5ea5590c,E09,True,review/improve existing; new URL only if distinct gap,False
35,https://pibank.pe/faq/alguien-ha-accedido-a-mi-contrasena-o-me-han-robado-el-celular-que-debo-hacer/,"Alguien ha accedido a mi contraseña o me han robado el celular, ¿qué debo hacer?",200,2026-10-06,aed507fd8c6c14828165468f6ef1114e63add8996962de4be0b43eab68d10b28,B03,True,review/improve existing; new URL only if distinct gap,False
36,https://pibank.pe/faq/he-tenido-una-incidencia-o-he-sido-objeto-de-un-fraude-con-mi-cuenta-que-puedo-hacer/,He tenido una incidencia o he sido objeto de un fraude con mi cuenta ¿Qué puedo hacer?,200,2026-10-06,10ddacb8d273c76ff0fdadd33cb103e4208aa85f73fc14803c896053668f66ce,B03,True,review/improve existing; new URL only if distinct gap,False
37,https://pibank.pe/faq/cuales-son-los-consejos-basicos-que-debo-seguir-para-acceder-a-pibank-de-forma-segura/,¿Cuáles son los consejos básicos que debo seguir para acceder a Pibank de forma segura?,200,2026-10-06,b4130a449bb17b13d1bc780d03d4297287fdb0df42e1f12cf15299b5362ea069,B03,True,review/improve existing; new URL only if distinct gap,False
38,https://pibank.pe/faq/que-necesito-y-como-puedo-abrir-una-cuenta-en-pibank/,¿Qué necesito y cómo puedo abrir una cuenta en Pibank?,200,2026-10-06,107d65d0a79135a03f055ce60addf6668f2105005c9a4b5699a01c4552f986b7,A07,True,review/improve existing; new URL only if distinct gap,False
39,https://pibank.pe/faq/puedo-hacer-transferencias-inmediatas-o-diferidas-desde-mi-cuenta-pibank/,¿Puedo hacer transferencias inmediatas o diferidas desde mi Cuenta Pibank?,200,2026-10-06,f9540a8ec97613a389f85605dfab2fce23a10d2feebbea463046414ab18c48ae,E09,True,review/improve existing; new URL only if distinct gap,False
40,https://pibank.pe/faq/hay-oficinas-de-pibank/,¿Hay oficinas de Pibank?,200,2026-10-06,bf5ce4d0cd712f58b06d9c91c97edafd8dde5f9db40ef557def8d0691e37a89d,B01,True,review/improve existing; new URL only if distinct gap,False
41,https://pibank.pe/faq/puedo-hacer-cualquier-operacion-online/,¿Puedo hacer cualquier operación online?,200,2026-10-06,47d49e6175f28ad829f0704024a02f5aeb782c61579be4c4c8e7903c69582486,B03,True,review/improve existing; new URL only if distinct gap,False
42,https://pibank.pe/faq/si-tengo-varias-cuentas-en-pibank-tendre-varios-usuarios-y-contrasenas-o-son-unicas/,"Si tengo varias cuentas en Pibank, ¿tendré varios usuarios y contraseñas o son únicas?",200,2026-10-06,8f87d0ad11011252bc7f310173296f5601fc85768cb9eff00ce72b871d191b36,B03,True,review/improve existing; new URL only if distinct gap,False
43,https://pibank.pe/faq/cuales-son-los-horarios-para-operar/,¿Cuáles son los horarios para operar?,200,2026-10-06,7deb0b99c98489e1b12d26d5c204afe34ca6ebf141f0fcfa042e09e54f0257d8,E09,True,review/improve existing; new URL only if distinct gap,False
44,https://pibank.pe/faq/cuales-son-los-horarios-para-operar-en-la-app/,¿Cuáles son los horarios para operar en la app?,200,2026-10-06,5831eac070ab2bc2548e26c9d99b4591e409384ed82d4381d20e337fbb874d49,E09,True,review/improve existing; new URL only if distinct gap,False
45,https://pibank.pe/faq/como-actualizo-mis-datos-de-contacto/,¿Cómo actualizo mis datos de contacto?,200,2026-10-06,6d45c03d0da68156ff37afa3f367b44d5662d2dbcd0f7424c47d2fedffd1cdd4,B03,True,review/improve existing; new URL only if distinct gap,False
46,https://pibank.pe/faq/cuales-son-los-limites-para-transferir/,¿Cuáles son los límites para transferir?,200,2026-10-06,e3bc0792db9c77bc3ddafde70393f9685e1b6d2b8fd637da45a37e18a1e3f9fa,E09,True,review/improve existing; new URL only if distinct gap,False
47,https://pibank.pe/faq/esta-garantizado-mi-dinero-en-pibank/,¿Está garantizado mi dinero en Pibank?,200,2026-10-06,1c8b84f9617841e32e0db9b93d0645b31e9ffc40488a5a93c688e88e3906da62,B01,True,review/improve existing; new URL only if distinct gap,False
48,https://pibank.pe/faq/puedo-cancelar-mi-cuenta/,¿Puedo cancelar mi cuenta?,200,2026-10-06,c154034a6f9f70f13d4ce5c29fadf3885543ab4c0d358f3aeecf8e9c81b305c0,B03,True,review/improve existing; new URL only if distinct gap,False
49,https://pibank.pe/faq/puedo-crear-requerimientos-reclamos-o-quejas-por-la-app/,"¿Puedo presentar requerimientos, reclamos o quejas por la App?",200,2026-10-06,eaa2315edd9d02129002a90039168a6a9a52b6a1305973aba5c2c048466428bb,B03,True,review/improve existing; new URL only if distinct gap,False
50,https://pibank.pe/faq/como-cancelar-mi-cuenta/,¿Cómo cancelar mi cuenta?,200,2026-10-06,bbd293cb5e337bdef350f85d7dffdfca0bb6e97b04482d2d6ced4438d465e752,B03,True,review/improve existing; new URL only if distinct gap,False
51,https://pibank.pe/faq/que-es-pibank/,¿Qué es Pibank?,200,2026-10-06,b526f0e4f719b2a4f80ac7713cbff8464949533952efc1105df106afa84eb5f7,B01,True,review/improve existing; new URL only if distinct gap,False
