family_id,family,lane,representative,estimated_monthly_query_volume,ranking_evidence,source,updated_at,destination,grouping_reason,aliases_not_added,audience_disjoint
G01,Cuenta de ahorro,direct,cuenta de ahorros,2900,BBVA: 9; BCP: 1; Interbank: 18; Scotiabank: 3,research/pibank-demand-2026-10-06/keyword-overview-provider.json,2026-09-17 05:09:54 +00:00,Producto existente,Representante de categoría; no añadir expresión abreviada,cuenta ahorro,False
G02,Intereses sobre ahorro,direct,cuenta de ahorro con intereses,210,BBVA: 11; BCP: 9; Interbank: 1; Scotiabank: 8,research/pibank-expanded-2026-10-06/ranked-01-provider.json,2026-09-13 19:50:52 +00:00,Producto/calculadora existentes,Formulaciones de la misma necesidad de rendimiento,cuentas de ahorros con intereses; interés de cuenta de ahorro,False
G03,Comparar cuentas en Perú,direct,mejores cuentas de ahorro peru,320,BBVA: 5; BCP: 14; Interbank: 18; Scotiabank: 9,research/pibank-expanded-2026-10-06/ranked-01-provider.json,2026-09-12 20:56:31 +00:00,Guía de comparación,Preferencia por consulta localizada; no añadir versiones genéricas,mejor cuenta de ahorros; mejores cuentas de ahorro,False
G04,Abrir una cuenta de ahorro,direct,abrir cuenta de ahorros,210,BBVA: 2; BCP: 17,research/pibank-demand-2026-10-06/keyword-overview-provider.json,2026-09-14 12:25:03 +00:00,Producto/FAQ apertura existentes,Apertura genérica; no sumar apertura de marca,,False
G05,Costos de mantenimiento,direct,cuenta de ahorros sin mantenimiento,50,not_captured_for_exact_query,research/pibank-demand-2026-10-06/keyword-overview-provider.json,2026-09-17 23:57:04 +00:00,FAQ de comisiones existente,Expansión del corpus; posición rival no capturada para esta consulta,,False
G06,Requisitos de apertura,direct,requisitos para abrir una cuenta de ahorros,50,not_captured_for_exact_query,research/pibank-expanded-2026-10-06/suggestion-01-provider.json,2026-09-17 10:31:22 +00:00,FAQ requisitos existente,Expansión del corpus; posición rival no capturada para esta consulta,,False
C01,Ahorro de alto rendimiento,conditional,cuentas de ahorro de alto rendimiento,1600,BBVA: 6; BCP: 12; Interbank: 8; Scotiabank: 10,research/pibank-expanded-2026-10-06/ranked-01-provider.json,2026-09-14 10:11:37 +00:00,Producto y guía de comparación,Consulta amplia; variantes locales no sumadas; revisar país y expectativa de producto,cuenta de alto rendimiento; cuenta de alto rendimiento peru; cuentas de alto rendimiento peru; cuentas de ahorro de alto rendimiento perú,False
C02,Cuenta digital,conditional,cuenta digital,1300,BBVA: 3; BCP: 2; Interbank: 12; Scotiabank: 1,research/pibank-expanded-2026-10-06/ranked-05-provider.json,2026-09-12 08:53:56 +00:00,Producto existente,A menudo espera pagos/tarjeta; filtrar a ahorro digital,cuenta de ahorro digital; cuenta de ahorros digital; cuentas de ahorros digitales; que es cuenta digital; que es una cuenta digital,False
C03,Dónde ahorrar y ganar intereses,conditional,en que banco puedo ahorrar mi dinero y ganar intereses,390,BBVA: 15; BCP: 16; Interbank: 7; Scotiabank: 1,research/pibank-expanded-2026-10-06/ranked-01-provider.json,2026-09-14 06:37:02 +00:00,Guía de comparación,Puede mezclar depósitos a plazo; no llamar ahorro líquido a toda la intención,,False
C04,Qué banco paga más intereses Perú,conditional,que banco paga mas intereses en peru,40,not_captured_for_exact_query,research/pibank-demand-2026-10-06/keyword-overview-provider.json,2026-09-16 04:22:34 +00:00,Guía de comparación,Expansión del corpus; posición rival no capturada; mezcla productos,,False
B01,Ahorro BCP,competitor,cuenta de ahorro del bcp,6600,BCP: 1,research/pibank-expanded-2026-10-06/ranked-08-provider.json,2026-09-13 15:51:41 +00:00,Comparación de condiciones y traslado de ahorro,"Representante de evaluación de ahorro; apertura/digital en la misma familia, sin sumarlas",cuenta ahorros bcp; bcp ahorros; bcp crear cuenta; cuenta digital bcp; bcp cuenta digital; crear cuenta bcp digital; crear cuenta digital bcp; bcp crear cuenta digital; abrir cuenta bcp online; crear cuenta de ahorros bcp digital; bcp abrir cuenta digital,False
B02,Súper Tasa Interbank,competitor,cuenta super tasa interbank,1900,Interbank: 1,research/pibank-demand-2026-10-06/keyword-overview-provider.json,2026-09-17 15:28:44 +00:00,Comparación de condiciones y traslado de ahorro,Nombre completo del producto; abreviatura no sumada,super tasa interbank,False
B03,Power Scotiabank,competitor,cuenta power scotiabank,1300,Scotiabank: 1,research/pibank-expanded-2026-10-06/ranked-04-provider.json,2026-09-15 03:38:50 +00:00,Comparación de condiciones y traslado de ahorro,Producto remunerado; no sumar cuenta digital como audiencia distinta automáticamente,,False
B04,Cuenta digital Scotiabank,competitor,cuenta digital scotiabank,1900,Scotiabank: 1,research/pibank-expanded-2026-10-06/ranked-05-provider.json,2026-09-16 06:58:02 +00:00,Comparación de condiciones y traslado de ahorro,Fuerte intención de marca y medios de pago; audiencia puede solapar Power,scotiabank cuenta digital; abrir cuenta scotiabank; crear cuenta scotiabank; abrir cuenta digital scotiabank; cuenta digital sbp; cuenta digital scotiabank perú; abrir cuenta scotiabank online; crear cuenta scotiabank digital; scotiabank abrir cuenta,False
B05,Cuenta digital BBVA,competitor,cuenta digital bbva,6600,BBVA: 1,research/pibank-demand-2026-10-06/keyword-overview-provider.json,2026-09-14 16:53:57 +00:00,Comparación de condiciones y traslado de ahorro,Peer adicional de investigación; Jesús no lo nombró; no asumir transferencia de navegación de marca,bbva cuenta digital; abrir cuenta bbva; cuenta de ahorros bbva; crear cuenta digital bbva; abrir cuenta de ahorros bbva; abrir cuenta digital bbva; cuenta ahorro bbva; cuenta digital bbva perú,False
E01,Entender TREA,assisted,trea,2900,BBVA: 2; Interbank: 8,research/pibank-expanded-2026-10-06/ranked-09-provider.json,2026-09-15 02:25:03 +00:00,FAQ/calculadora existentes,Educación de rendimiento; no demanda de apertura independiente,que es la trea; que es trea,False
E02,Seguro de depósitos,assisted,fondo de seguro de depositos,1600,BCP: 19; Interbank: 12,research/pibank-expanded-2026-10-06/ranked-08-provider.json,2026-09-13 13:52:33 +00:00,FAQ confianza existente,Confianza; variantes singular/plural no sumadas,fondo de seguro de deposito; fondo seguro de deposito,False
E03,Qué es cuenta de ahorro,assisted,que es una cuenta de ahorro,590,BBVA: 23; BCP: 3; Interbank: 6; Scotiabank: 2,research/pibank-expanded-2026-10-06/ranked-08-provider.json,2026-09-14 05:10:22 +00:00,FAQ definición existente,Educación de producto; no sumar con categoría como usuarios nuevos,que es una cuenta de ahorros; que son cuenta de ahorro; que son cuentas de ahorro; que son cuentas de ahorros,False
E04,Cómo ahorrar dinero,assisted,como ahorrar dinero,590,BBVA: 81; BCP: 4; Scotiabank: 1,research/pibank-expanded-2026-10-06/extra-related-01-provider.json,2026-09-16 20:21:11 +00:00,Guía si ayuda a decidir destino del ahorro,Intención educativa más amplia; prioridad menor,ahorrar dinero; como ahorrar,False
